MUSEAAL_ID,OLEMUS
3312368,kiri
3057924,plakat
2521952,münt
3676119,kavand/joonis/eskiis
4091382,plakat
3352643,dokument
3947402,foto
2737233,kavand/joonis/eskiis
2070212,foto
2708781,foto
3774532,fotonegatiiv
3262338,kava
2312908,arheoloogiline leid
3084727,fotonegatiiv
3575254,kavand/joonis/eskiis
2704643,fotonegatiiv
4051413,"käsikiri, laul/ vokaalmuusika"
3609076,kavand/joonis/eskiis
3647484,kavand/joonis/eskiis
3914003,foto
3508419,kava
4098996,plakat
2931263,kviitung
2331127,arheoloogiline leid
4265950,plakat
2002524,noodid
2042801,"foto, postkaart"
2234358,fotonegatiiv
2741798,foto
195622,"käsikiri, muusikateos, noodid"
3855806,graafika
3804742,ajaleht
2433491,foto
2763651,fotonegatiiv
3537179,foto
2328051,arheoloogiline leid
2964942,kava
205987,"käsikiri, laul/ vokaalmuusika"
2530917,foto
3625723,fotonegatiiv
3262929,digitaalne kujutis
2812390,fotonegatiiv
3538074,digitaalne kujutis
3080532,digitaalne kujutis
2149770,kava
2708154,foto
3659961,kavand/joonis/eskiis
3774611,fotonegatiiv
3481798,väärtpaber
3259418,märkmed
2559797,dokument
1828868,foto
2785520,fotonegatiiv
2512442,münt
4041964,"käsikiri, laul/ vokaalmuusika"
1811547,dokument
2036174,foto
2067249,foto
3186558,käsikiri
3157117,kavand/joonis/eskiis
2671458,ajaleht
3983406,väiketrükis
3930572,kiri
234462,"laegas/karp, medal"
203172,"käsikiri, laul/ vokaalmuusika"
3091787,foto
2325881,arheoloogiline leid
2063812,foto
2736871,fotonegatiiv
3253893,kava
3936832,raamat
2405976,raamat
2048668,foto
3268344,telegramm
2761997,fotonegatiiv
3064429,plakat
2047656,foto
2725461,foto
3539245,käsikiri
3693442,fotonegatiiv
2843233,foto
2572072,dokument
3586431,käsikiri
4102575,plakat
4045246,käsikiri
3427230,pudel
3683330,kavand/joonis/eskiis
3981586,raamat
2098023,kiri
3977701,kiri
2564926,kiri
3398525,"lint/pael, silt/märk"
3762875,kiri
2395144,foto
2782750,pitser/templijäljend
3342359,kavand/joonis/eskiis
3705967,kavand/joonis/eskiis
2247667,ehe
4290952,fotonegatiiv
2074321,fotonegatiiv
200367,käsikiri
2327931,arheoloogiline leid
3647249,kutse
2754096,foto
2742075,fotonegatiiv
3624954,kavand/joonis/eskiis
207131,"<dokumendid koostamise sisu järgi>, laul/ vokaalmuusika"
3580472,dokument
2323574,arheoloogiline leid
2055029,foto
3159757,käsikiri
3529631,kiri
2620451,kutse
3846648,foto
217439,dokument
3338819,paber
397253,fotonegatiiv
2573000,dokument
394901,rätik
3672715,foto
2529742,münt
2737420,foto
3924985,raamat
3343399,väiketrükis
3152920,käsikiri
2038311,foto
3200412,pitser/templijäljend
4122965,plakat
2042810,foto
4049471,ajakiri
2463229,raamat
3827734,foto
2512645,münt
3392946,foto
4034113,käsikiri
2040434,foto
4050362,ajakiri
4211046,vaip
3500087,kava
2069962,foto
3844941,trükinoot
2509445,foto
2973600,raamat
3538104,digitaalne kujutis
3705802,raamat
3645212,kavand/joonis/eskiis
4087303,kavand/joonis/eskiis
2402349,fotonegatiiv
2849486,"dokument, plakat"
2894619,joonistus
2716207,foto
3653844,ajaleht
228569,kavand/joonis/eskiis
2334421,arheoloogiline leid
4058651,kava
3959650,raamat
1000788,foto
228207,plakat
2511462,münt
2775667,fotonegatiiv
3941621,raamat
2034191,foto
3133863,raha
2473751,kava
2807050,fotonegatiiv
2325604,arheoloogiline leid
2325744,arheoloogiline leid
3178563,akvarell
3318256,graafika
2522582,münt
2403274,fotonegatiiv
2775838,fotonegatiiv
3132084,fotonegatiiv
2568806,foto
2512223,münt
2168315,"käsikiri, laul/ vokaalmuusika"
4103952,plakat
2041638,"foto, postkaart"
3198486,kiri
4316572,helisalvestis
196137,"<dokumendid koostamise sisu järgi>, käsikiri, laul/ vokaalmuusika"
398706,ehe
4105026,foto
2512942,münt
2771877,fotonegatiiv
3592093,nööp
4043276,plakat
2730430,foto
3698120,foto
3367371,kava
2039503,foto
2719967,foto
2407008,fotonegatiiv
3808066,fotonegatiiv
2545885,foto
2988446,kavand/joonis/eskiis
4041348,käsikiri
3622124,foto
4089180,fotonegatiiv
4291447,fotonegatiiv
2284426,plakat
3919196,raamat
4000741,ajaleht
2056177,foto
206457,"<dokumendid koostamise sisu järgi>, käsikiri, laul/ vokaalmuusika"
4086469,fotonegatiiv
4077291,foto
3903516,"kinnas, kleit, mask"
1977591,fotonegatiiv
3157770,dokument
3394084,foto
2038940,foto
2054499,foto
2483844,foto
3660490,kittel
2319181,arheoloogiline leid
3413293,digitaalne kujutis
3735130,"dokument, paber"
2079094,fotonegatiiv
3625845,fotonegatiiv
1978854,noodid
2916991,kavand/joonis/eskiis
3358693,kava
2775540,fotonegatiiv
2044444,foto
3560696,kiri
3490928,raamat
3220069,foto
3100528,käsikiri
3583901,foto
2057123,foto
4015070,dokument
4103971,kõrvarõngas
2339125,kivi
2805160,fotonegatiiv
2016630,ajakiri
2929628,dokument
3671650,kavand/joonis/eskiis
2041730,album
3580188,foto
2328725,arheoloogiline leid
4045285,"käsikiri, laul/ vokaalmuusika"
1550152,pitser/templijäljend
3710190,kavand/joonis/eskiis
208328,"<dokumendid koostamise sisu järgi>, käsikiri, muusikateos"
3955566,kiri
2260489,foto
3335484,digitaalne kujutis
3067788,kiri
2522360,münt
2269341,kiri
200456,muusikateos
1929497,plakat
2049396,foto
2066209,foto
2522834,münt
2831491,fotonegatiiv
3988222,raamat
202747,"käsikiri, laul/ vokaalmuusika"
3693416,fotonegatiiv
2808998,fotonegatiiv
2158831,kava
3474411,silt/märk
1978747,plakat
3664520,kava
2512353,münt
2826514,fotonegatiiv
2780755,fotonegatiiv
3037839,plakat
3297303,plakat
3963645,kiri
4032316,väiketrükis
2521775,münt
3303529,graafika
3056965,fotonegatiiv
197306,käsikiri
2504874,foto
3046509,foto
2748001,fotonegatiiv
3300185,kavand/joonis/eskiis
4020769,foto
3487268,maal
2319321,arheoloogiline leid
3629064,fotonegatiiv
3805506,kiri
2771994,fotonegatiiv
3840434,fotonegatiiv
2565984,foto
3926762,plakat
232000,noodid
2059680,foto
2331947,arheoloogiline leid
1928082,pitser/templijäljend
2988508,kavand/joonis/eskiis
393862,pakend
2729335,foto
2296731,dokument
3237606,fotonegatiiv
2809652,fotonegatiiv
3580259,foto
2784981,fotonegatiiv
2315084,arheoloogiline leid
3007353,noodid
215812,plakat
3713236,käsikiri
2052455,foto
4001030,foto
2322851,arheoloogiline leid
2156493,foto
4299136,fotonegatiiv
3540013,foto
3778151,kiri
3926716,foto
2152435,kava
4104748,plakat
4164537,"käsikiri, laul/ vokaalmuusika"
1255909,nukk
3371838,foto
2805796,fotonegatiiv
3831654,ajaleht
2075087,fotonegatiiv
2076866,fotonegatiiv
3241087,laegas/karp
2332409,arheoloogiline leid
4277508,vorm (vahend)
2817246,fotonegatiiv
2451509,raamat
2327301,arheoloogiline leid
3556678,foto
4030246,digitaalne kujutis
3271031,kavand/joonis/eskiis
2317883,arheoloogiline leid
2264283,foto
3177331,pitsat
2197832,foto
3866675,maal
3845028,foto
3987846,plakat
2809356,kiri
2762458,fotonegatiiv
2302436,aukiri/auaadress
3693726,fotonegatiiv
2802247,fotonegatiiv
3356023,kangas
3201849,käsikiri
2768525,fotonegatiiv
3288119,kiri
4166708,plakat
2480516,foto
4277476,hari/kamm
3177672,postkaart
4050061,ajakiri
3165540,pitser/templijäljend
2808758,fotonegatiiv
2341561,sõlg
1120125,kavand/joonis/eskiis
2510832,münt
2743139,fotonegatiiv
3630312,kavand/joonis/eskiis
4262083,fotonegatiiv
2723161,foto
2735653,foto
2726720,foto
3223297,käsikiri
4045893,käsikiri
3203233,kavand/joonis/eskiis
2039618,foto
3381498,foto
3579454,digitaalne kujutis
2800009,fotonegatiiv
2317245,arheoloogiline leid
3075169,žetoon
3371370,foto
3832634,fotonegatiiv
2734179,foto
2034153,foto
2455257,foto
3110143,kutse
3623649,kiri
4101705,plakat
3168774,kava
4066931,vaas
2732593,foto
2044375,foto
2831123,fotonegatiiv
3050777,kiri
4277947,dokument
2071436,foto
1321006,foto
2539097,fotonegatiiv
2565812,foto
3654029,fotomaterjal
2439785,raamat
4272389,plakat
2625087,foto
3979675,kiri
3381890,foto
2538217,fotonegatiiv
2050166,foto
232064,"laegas/karp, medal"
3830454,foto
3278765,kiri
4085818,fotonegatiiv
3307386,foto
2429690,raamat
3433692,postkaart
2063155,foto
2127996,kava
3775856,fotonegatiiv
2735223,foto
3856002,foto
405136,vaas
3241557,münt
3684010,foto
2050653,foto
4308586,dokument
2746784,fotonegatiiv
2318281,arheoloogiline leid
2037348,foto
2041158,foto
3166969,raamat
3410005,fotonegatiiv
229066,lint/pael
2727739,foto
393691,raamat
2973062,kavand/joonis/eskiis
3316805,foto
2845238,foto
2739708,foto
3258931,raamat
2319595,arheoloogiline leid
2064788,foto
3220906,käsikiri
3868395,raamat
2357592,kiri
3683453,kavand/joonis/eskiis
3609962,kiri
2704040,fotonegatiiv
2790348,fotonegatiiv
1810069,dokument
2038401,foto
2315551,arheoloogiline leid
3857511,foto
3380632,foto
2731870,foto
3137499,kiri
3055584,fotonegatiiv
4260935,fotonegatiiv
395611,seelik
3627554,kiri
3842624,trükinoot
3693330,fotonegatiiv
2316664,arheoloogiline leid
2015122,kava
2034478,foto
2153086,foto
4041533,käsikiri
3151024,kava
2731206,foto
2317796,arheoloogiline leid
2701576,laegas/karp
2682333,foto
3274848,kiri
2939330,käsikiri
2170604,kava
2275016,jope
3804698,väiketrükis
2037698,foto
1987035,noodid
2137648,fotonegatiiv
2041760,"foto, postkaart"
2453556,raamat
1438074,"käsikiri, laul/ vokaalmuusika, muusikateos"
2061704,foto
2121399,"käsikiri, laul/ vokaalmuusika"
2957067,kiri
1712907,fotonegatiiv
2564383,dokument
4046514,käsikiri
2040986,foto
3646999,foto
3655683,kavand/joonis/eskiis
2545686,noodid
207857,"<dokumendid koostamise sisu järgi>, käsikiri, muusikateos, noodid"
2812112,fotonegatiiv
2066320,foto
2792461,fotonegatiiv
3715959,kavand/joonis/eskiis
3346941,foto
3413306,digitaalne kujutis
4190506,"käsikiri, laul/ vokaalmuusika"
3627442,kavand/joonis/eskiis
3718757,graafika
3266524,graafika
3508079,kava
4045430,"käsikiri, laul/ vokaalmuusika"
3434806,foto
3215545,käsikiri
2813227,fotonegatiiv
4215515,plakat
4085468,plakat
3213698,pitsat
3537884,kutse
2076075,fotonegatiiv
3526771,kiri
4050307,ajakiri
3251947,fotonegatiiv
2040046,foto
396855,foto
2056748,foto
2035758,foto
3142007,käsikiri
3771384,aksessuaar
2035626,foto
3272988,joonistus
2185551,käsikiri
235600,karikatuur
3686742,kavand/joonis/eskiis
2793446,fotonegatiiv
4090242,fotonegatiiv
4203771,foto
3031721,foto
2764646,fotonegatiiv
3510324,kava
2732003,foto
4043470,raamat
3142437,käsikiri
2746754,fotonegatiiv
2039558,foto
3763000,käsikiri
3400206,digitaalne kujutis
3543615,foto
3987853,käsikiri
2981205,foto
4226411,plakat
3316909,kavand/joonis/eskiis
4272284,dokument
3867489,graafika
1831651,nõu/anum
2725424,foto
204661,"<dokumendid koostamise sisu järgi>, laul/ vokaalmuusika"
4104597,plakat
3650297,kavand/joonis/eskiis
232773,kiri
3608387,graafika
2044359,foto
2563123,dokument
3701591,foto
3955763,valgusti
3281761,fotonegatiiv
3944322,raamat
4089588,fotonegatiiv
3931352,raamat
3851712,foto
217590,plakat
3841172,graafika
3244365,noodid
3297494,plakat
393732,fotonegatiiv
2076076,fotonegatiiv
1205645,fotomaterjal
2624880,pilet/pääse
2742638,fotonegatiiv
4031549,raamat
3628114,kiri
2039345,foto
2764183,plakat
4105338,foto
2353389,medal
4090873,plakat
3778300,graafika
2683922,ajakiri
2724532,foto
2708600,fotonegatiiv
2748128,fotonegatiiv
2314788,arheoloogiline leid
1824128,dokument
2975195,kava
4049035,ajakiri
3852326,foto
4028864,raamat
196470,"käsikiri, muusikateos, noodid"
3358501,kava
3378527,foto
4028837,digitaalne kujutis
2046136,foto
4116576,kann
3648973,kavand/joonis/eskiis
2323856,arheoloogiline leid
229258,"rosett, silt/märk"
3726766,kavand/joonis/eskiis
2351075,medal
3507534,kiri
2934723,foto
203890,käsikiri
1915970,foto
3075866,digitaalne kujutis
2538244,fotonegatiiv
2075938,fotonegatiiv
4035672,trükinoot
2771974,fotonegatiiv
3685309,kavand/joonis/eskiis
3592036,nööp
2687501,foto
3041133,plakat
3696586,kavand/joonis/eskiis
3629308,fotonegatiiv
3909360,joonistus
3495981,käsikiri
3414112,foto
4249899,kavand/joonis/eskiis
3116453,käsikiri
3920385,noodid
2061499,foto
3203363,käsikiri
3316480,kiri
4116550,plakat
4116774,foto
2076340,fotonegatiiv
1859760,dokument
4084872,fotonegatiiv
2724368,foto
4116493,plakat
1839511,laegas/karp
211998,muusikainstrument
2363199,foto
2353777,kiri
235105,makett
2746058,fotonegatiiv
2292277,foto
2986373,raamat
3334221,taldrik
1452947,kiri
1797984,noodid
3078795,plakat
3710946,kavand/joonis/eskiis
2716200,foto
2330188,arheoloogiline leid
3423001,album
2077742,fotonegatiiv
3388775,graafika
3560742,kiri
2325525,arheoloogiline leid
2726030,foto
3199723,kiri
2371556,pitser/templijäljend
3536272,foto
2773247,fotonegatiiv
4086957,fotonegatiiv
3188992,pitser/templijäljend
3513432,kavand/joonis/eskiis
4249939,kavand/joonis/eskiis
3367498,kava
2625349,foto
3906741,"detail/osa, kombinesoon, mask"
1921602,fotonegatiiv
3621496,kavand/joonis/eskiis
2337733,foto
3099489,peakate
3358137,kava
2149100,postkaart
2164569,fotonegatiiv
4266078,plakat
2052208,foto
3311390,raamat
2335228,arheoloogiline leid
3540409,foto
2803015,fotonegatiiv
1473645,kott
2810540,kava
3907693,"jakk/pintsak, kingad, pluus, seelik"
3258539,pakend
1906734,fotonegatiiv
3341870,kavand/joonis/eskiis
3009483,kava
3391982,foto
2327403,arheoloogiline leid
3838803,aukiri/auaadress
2802290,fotonegatiiv
2764323,fotonegatiiv
2033747,foto
2943621,kavand/joonis/eskiis
3688087,foto
2831442,fotonegatiiv
3774929,kava
3422492,foto
3358744,käsikiri
2772116,fotonegatiiv
2735359,foto
2794920,fotonegatiiv
2732273,foto
2714309,foto
2075322,fotonegatiiv
3079770,digitaalne kujutis
2447661,päevik
4207794,plakat
2516830,foto
3438379,vimpel
4030408,digitaalne kujutis
2733457,foto
2852406,foto
205961,"<dokumendid koostamise sisu järgi>, laul/ vokaalmuusika"
2035285,foto
2554265,ajaleht
2326158,arheoloogiline leid
1535553,sukad
3804856,foto
2257216,foto
2538406,fotonegatiiv
1915975,foto
3086888,raamat
4084168,kavand/joonis/eskiis
1982276,dokument
392570,fotonegatiiv
3811884,foto
3977356,ajakiri
2071773,foto
2739058,foto
228490,kavand/joonis/eskiis
2978464,foto
1544750,käsikiri
219235,"<dokumendid koostamise sisu järgi>, väiketrükis"
196778,"<dokumendid koostamise sisu järgi>, muusikateos"
3985626,kava
2934877,foto
2158904,kiri
3845971,graafika
3755962,foto
3018507,väiketrükis
4060992,helikandja
3715503,kavand/joonis/eskiis
3452768,ajakiri
3233739,kava
3638461,kiri
2039902,foto
2720124,foto
2065094,foto
2428206,raamat
3402830,foto
2778493,fotonegatiiv
2068526,foto
2080318,fotonegatiiv
2147708,kiri
2395529,foto
2014122,kava
1431190,foto
2781347,foto
3672103,käsikiri
2710440,kalender
2070527,foto
2824471,fotonegatiiv
2250973,karikatuur
2069868,foto
201441,"käsikiri, laul/ vokaalmuusika"
4050286,ajakiri
4301657,väiketrükis
215965,rist
2770820,fotonegatiiv
3621319,kavand/joonis/eskiis
3396528,kava
2272589,dokument
2751462,"käsikiri, muusikateos"
3975587,"käsikiri, laul/ vokaalmuusika, muusikateos"
2051710,foto
3865556,märkmed
3582780,dokument
3308364,kavand/joonis/eskiis
3934045,raamat
2794050,fotonegatiiv
3440835,graafika
196671,"<dokumendid koostamise sisu järgi>, käsikiri, muusikateos"
4028981,digitaalne kujutis
3156512,fotonegatiiv
2515067,pluus
4090922,plakat
3407026,kava
3380531,foto
3838180,foto
3634433,kiri
226040,foto
3432182,käsikiri
4041593,käsikiri
3367414,foto
2814990,fotonegatiiv
4110704,plakat
2036888,foto
2494802,foto
2720373,foto
2068077,foto
4222058,plakat
2748411,foto
2587001,kiri
3825852,graafika
2073250,fotonegatiiv
1877791,dokument
3437317,foto
3822744,foto
2397785,telegramm
2080757,fotonegatiiv
3646432,kavand/joonis/eskiis
3655815,kavand/joonis/eskiis
3622115,kavand/joonis/eskiis
3579609,digitaalne kujutis
2515192,foto
3085544,foto
2052203,foto
2622739,väiketrükis
2756536,plakat
2767511,fotonegatiiv
4206571,plakat
4025452,foto
206903,"käsikiri, laul/ vokaalmuusika"
3909363,ajaleht
222670,plakat
3729046,kavand/joonis/eskiis
2722372,foto
2335532,arheoloogiline leid
2780619,fotonegatiiv
2776758,fotonegatiiv
2348427,kiri
2051843,foto
2573531,foto
2071636,foto
2312074,kiri
2521162,münt
3822757,foto
2332113,arheoloogiline leid
1864676,diapositiiv
2318461,arheoloogiline leid
2351777,medal
3148373,kava
3832816,fotonegatiiv
2701718,kava
2314067,arheoloogiline leid
3611804,kiri
2326851,arheoloogiline leid
2700316,foto
2353394,medal
3604275,müts
2298739,foto
3771394,foto
3122531,kava
1461643,lina/linik
2796184,fotonegatiiv
4258808,lusikas
2048527,foto
3845722,postkaart
2313245,arheoloogiline leid
2708778,fotonegatiiv
2274585,ajaleht
2335480,arheoloogiline leid
2067575,foto
3139174,käsikiri
2267161,noodid
1002009,fotomaterjal
205975,"<dokumendid koostamise sisu järgi>, käsikiri, laul/ vokaalmuusika"
399604,foto
1725229,kaal
3263141,mantel
2334177,arheoloogiline leid
2550235,kava
2158921,kiri
2352248,medal
2983548,raamat
3459729,ajakiri
2491543,foto
3622430,kavand/joonis/eskiis
3535468,kava
3710911,kavand/joonis/eskiis
196998,"<dokumendid koostamise sisu järgi>, käsikiri, muusikateos, noodid"
3590887,kiri
3028922,plakat
3537892,digitaalne kujutis
4251153,kavand/joonis/eskiis
2935046,foto
3047878,plakat
2322650,arheoloogiline leid
2719526,foto
2197754,foto
3935680,helisalvestis
2662667,väiketrükis
2039353,foto
233671,tool
3699486,joonistus
3252417,foto
1853811,noodid
3250964,foto
2719615,foto
2058390,foto
212686,muusikainstrument
3098375,aukiri/auaadress
2716726,foto
2063093,foto
237158,graafika
2691543,foto
3043076,plakat
2457383,foto
3602545,vaas
3158734,käsikiri
2738357,foto
234667,"laegas/karp, nööp"
3580692,foto
3640987,foto
2442449,raamat
2170833,foto
2325046,arheoloogiline leid
3817444,postkaart
2327791,arheoloogiline leid
2543003,foto
4079601,käsikiri
2058301,foto
3214415,pitsat
3610354,kavand/joonis/eskiis
2780624,fotonegatiiv
3866182,foto
3391892,foto
2714277,foto
2982099,ajakiri
2723732,foto
2829296,kiri
3157926,dokument
215924,plakat
3481891,graafika
3575756,kavand/joonis/eskiis
2694661,foto
3129136,käsikiri
3071720,kiri
2397736,kutse
2561636,foto
2521054,münt
207379,"<dokumendid koostamise sisu järgi>, laul/ vokaalmuusika"
1916498,foto
3776036,fotonegatiiv
2908064,kava
3625178,kiri
3186904,käsikiri
4227225,"käsikiri, laul/ vokaalmuusika"
2271886,noodid
3374016,foto
3401017,foto
1842820,plaat
2854474,foto
2517136,foto
3609617,dokument
2783163,fotonegatiiv
2764411,fotonegatiiv
3816972,raamat
2176095,"käsikiri, laul/ vokaalmuusika, muusikateos"
2353222,medal
3490446,kiri
2474089,foto
2324246,arheoloogiline leid
2047837,foto
2740290,foto
2064514,foto
4233352,foto
2650236,foto
3678199,kavand/joonis/eskiis
3059055,plakat
1618971,noodid
2710768,foto
3273915,kavand/joonis/eskiis
1288677,rosett
2316891,arheoloogiline leid
203219,"<dokumendid koostamise sisu järgi>, laul/ vokaalmuusika"
3218491,foto
2696655,"foto, postkaart, postmark"
2747514,fotonegatiiv
2328673,arheoloogiline leid
4131380,"käsikiri, laul/ vokaalmuusika"
1821144,dokument
3657249,kavand/joonis/eskiis
3577914,kavand/joonis/eskiis
3648784,kiri
2545887,foto
3718504,graafika
2790480,fotonegatiiv
2266936,foto
3582503,dokument
2061388,foto
2071805,foto
2772609,fotonegatiiv
3707540,kavand/joonis/eskiis
2266901,foto
3700675,kavand/joonis/eskiis
2774491,fotonegatiiv
3372006,foto
3331302,raamat
2827344,fotonegatiiv
232182,silt/märk
3679104,kiri
4076174,käsikiri
4049509,ajakiri
3908199,kleit
3695198,kavand/joonis/eskiis
2777164,fotonegatiiv
2056030,foto
2721068,foto
2773821,foto
3248882,foto
2058799,foto
4000614,foto
2046649,foto
1919668,fotonegatiiv
2041985,album
2738860,foto
3688088,foto
2541036,kava
4111072,plakat
3436241,ajaleht
211627,muusikainstrument
2030966,"jakk/pintsak, püksid"
3394236,foto
229844,kavand/joonis/eskiis
2777242,fotonegatiiv
205070,karikatuur
2563817,"käsikiri, väiketrükis"
3222431,postkaart
2771696,fotonegatiiv
1063401,fotomaterjal
204127,"<dokumendid koostamise sisu järgi>, käsikiri, muusikateos"
2455606,foto
3210408,märkmed
4101265,foto
2039627,foto
2045404,foto
3685288,kavand/joonis/eskiis
2335579,arheoloogiline leid
3649999,käsikiri
214605,medal
2034984,foto
2724413,raamat
2711392,väiketrükis
3625003,kiri
2976503,dokument
3252410,foto
3845903,kiri
3340422,maal
3076806,kiri
4250981,kavand/joonis/eskiis
204763,paber
2034190,foto
3682122,väiketrükis
2776785,fotonegatiiv
3437000,särk
2314416,arheoloogiline leid
2327903,arheoloogiline leid
3540217,joonistus
2172164,"käsikiri, laul/ vokaalmuusika, muusikateos"
4119566,plakat
2165615,kava
2364773,fotonegatiiv
3867539,foto
2538829,fotonegatiiv
4042789,käsikiri
3707459,graafika
3980659,plakat
3576044,kavand/joonis/eskiis
3152527,kalender
3147736,"<dokumendid koostamise sisu järgi>, muusikateos"
3285733,kleit
3061521,plakat
395595,raamat
4021062,"käsikiri, laul/ vokaalmuusika, muusikateos"
3580539,kavand/joonis/eskiis
4101252,foto
2022572,diapositiiv
3867445,foto
4086108,kalender
3606998,rinnamärk
2330286,arheoloogiline leid
3765099,kava
2479233,raamat
2484167,foto
4084195,kava
3643311,kavand/joonis/eskiis
3267644,foto
2958478,kava
3164175,gemm
2609043,foto
4071747,kaelaehe
2330957,arheoloogiline leid
2344941,kaal
3543281,foto
1808527,dokument
3603251,kavand/joonis/eskiis
3432712,"lint/pael, medal"
2070999,foto
4121818,helisalvestis
3316865,kavand/joonis/eskiis
2052303,foto
3209185,käsikiri
2401308,raamat
2321543,arheoloogiline leid
2741048,foto
4283427,plakat
3380589,foto
2521317,münt
2334594,arheoloogiline leid
4032397,aukiri/auaadress
3313243,foto
3825877,foto
3576949,kavand/joonis/eskiis
2821451,kava
2802210,fotonegatiiv
2884705,foto
2538440,fotonegatiiv
3389357,kiri
2332022,arheoloogiline leid
2336171,arheoloogiline leid
2746323,fotonegatiiv
2323613,arheoloogiline leid
2686179,kava
2037947,foto
3698328,skulptuur
211986,muusikainstrument
2042850,foto
3683645,kutse
3375959,graafika
2484835,foto
3188688,pitser/templijäljend
2717362,foto
2056805,foto
3372149,foto
2393392,foto
232374,raamat
3121417,dokument
2409132,raamat
3024757,aksessuaar
3716073,paberraha
4311106,foto
2771486,fotonegatiiv
403889,vaas
3822949,postkaart
3679136,foto
3274226,kiri
2043105,"foto, postkaart"
3084256,fotonegatiiv
4041419,plakat
2076126,fotonegatiiv
1438085,"käsikiri, laul/ vokaalmuusika, muusikateos"
2665991,foto
3509162,kiri
3255326,käsikiri
3307358,joonistus
3296717,kiri
2768512,fotonegatiiv
2123418,kiri
4066115,raamat
2956215,foto
2057813,foto
4086968,fotonegatiiv
2057417,foto
3997033,foto
3734709,võti
2015054,plakat
2733373,foto
4041387,plakat
3623239,kavand/joonis/eskiis
2742996,fotonegatiiv
2735454,foto
3667204,kavand/joonis/eskiis
2065035,foto
2916022,dokument
2046168,foto
2044572,foto
221939,kaelaehe
2695336,postkaart
3245844,kava
2151996,foto
2436667,kava
2625170,foto
2842945,foto
207097,"<dokumendid koostamise sisu järgi>, käsikiri, laul/ vokaalmuusika"
2791856,fotonegatiiv
3168877,kava
3417091,"rosett, silt/märk"
2812316,fotonegatiiv
2060440,foto
2796791,fotonegatiiv
2182724,kava
4071146,kiri
2829909,fotonegatiiv
2348300,kava
1808954,noodid
2403590,fotonegatiiv
223100,plakat
3655454,diplom
2710054,kava
3715419,kiri
3197392,plakat
4322217,kiri
1456293,kiri
3766600,foto
2425586,foto
4049661,ajakiri
2057333,foto
3439773,postkaart
1820824,dokument
2285824,noodid
4090855,foto
2060451,foto
3707403,kiri
2676491,kava
3528780,kavand/joonis/eskiis
2051629,foto
3017916,fotonegatiiv
2447090,kava
2844193,plakat
3450822,foto
2613758,raamat
3944996,käsikiri
2342692,kirst
4303379,münt
2317751,arheoloogiline leid
204256,"<dokumendid koostamise sisu järgi>, laul/ vokaalmuusika"
3241271,medal
3941767,münt
2653084,fotonegatiiv
392556,fotonegatiiv
1561293,karikatuur
2447602,raamat
2054216,foto
1625568,ajakiri
2319160,arheoloogiline leid
4041900,"käsikiri, laul/ vokaalmuusika"
3782287,raamat
1985685,"<dokumendid koostamise sisu järgi>, muusikateos, noodid"
2049000,foto
2061973,foto
3503715,kava
2049185,foto
3334226,fotonegatiiv
2294715,kutse
2050514,foto
2759961,raamat
2484335,foto
2699003,foto
1993346,kalender
3223086,käsikiri
3307044,kavand/joonis/eskiis
2798831,fotonegatiiv
2743979,fotonegatiiv
3920334,foto
2322962,arheoloogiline leid
3616206,kavand/joonis/eskiis
3254420,kiri
2323628,arheoloogiline leid
3344109,kava
3274184,kutse
3657482,kavand/joonis/eskiis
1864760,dokument
3106772,noodid
3543597,sidemed
2731972,foto
2316680,arheoloogiline leid
2801961,fotonegatiiv
3516510,kiri
2077731,fotonegatiiv
2827156,kiri
3334748,kiri
2405552,fotonegatiiv
3071651,kiri
2737491,foto
2079517,fotonegatiiv
3830102,käsikiri
3075695,käsikiri
2312277,arheoloogiline leid
4092861,plakat
3007396,foto
3253750,foto
1000541,fotonegatiiv
2333844,arheoloogiline leid
1775219,diapositiiv
2818475,fotonegatiiv
3545308,foto
2809895,fotonegatiiv
1317243,sirm
2657424,fotonegatiiv
2705578,foto
2324341,arheoloogiline leid
4040605,"käsikiri, laul/ vokaalmuusika"
3920168,kiri
3537693,kutse
2054964,foto
2409903,raamat
2925725,kavand/joonis/eskiis
2571157,dokument
2072122,foto
2812116,fotonegatiiv
2817730,fotonegatiiv
2407746,fotonegatiiv
2044367,foto
1408852,"<dokumendi liigid muusikas>, noodid"
3535625,münt
2767962,fotonegatiiv
380146,digitaalne kujutis
3342891,kavand/joonis/eskiis
2335148,arheoloogiline leid
2697873,foto
4091626,plakat
3116243,pitser/templijäljend
3161822,reljeef
3370022,digitaalne kujutis
2344672,skulptuur
398506,foto
2040231,foto
2748767,fotonegatiiv
3195996,käsikiri
2762584,fotonegatiiv
4166368,helisalvestis
3314926,kiri
2440902,raamat
3414300,"lint/pael, medal"
2772446,fotonegatiiv
2937671,käsikiri
4035434,käsikiri
2363287,käsikiri
2315745,arheoloogiline leid
3929412,foto
2583378,kavand/joonis/eskiis
3381545,foto
4104806,foto
2101953,kava
2663021,raamat
2659035,fotonegatiiv
3203593,kiri
3929980,plakat
2040832,foto
2074469,fotonegatiiv
2609385,raamat
2333399,arheoloogiline leid
2335831,arheoloogiline leid
4260106,käsikiri
2728676,foto
1986632,noodid
3680841,raamat
2769316,fotonegatiiv
2795299,fotonegatiiv
3023269,paber
3710146,kavand/joonis/eskiis
3049389,foto
2321368,arheoloogiline leid
2088254,kava
2935252,foto
2066257,foto
2321634,arheoloogiline leid
2762738,fotonegatiiv
2806552,fotonegatiiv
4050064,ajakiri
2938353,foto
2603906,foto
3335587,digitaalne kujutis
2046883,foto
2325923,arheoloogiline leid
2337559,foto
2047841,foto
2039829,foto
2029178,noodid
3675615,kavand/joonis/eskiis
2073764,fotonegatiiv
3169653,pitser/templijäljend
3646383,kavand/joonis/eskiis
1154284,fotomaterjal
2769068,fotonegatiiv
201837,"käsikiri, laul/ vokaalmuusika"
2373645,dokument
223517,plakat
3317897,graafika
3378662,foto
2044383,foto
2730422,foto
4102365,plakat
3226034,fotonegatiiv
3170983,plakat
3671077,digitaalne kujutis
2796522,fotonegatiiv
2319922,arheoloogiline leid
3380587,foto
196142,"<dokumendid koostamise sisu järgi>, käsikiri, muusikateos"
2703813,fotonegatiiv
2155815,"käsikiri, laul/ vokaalmuusika"
3679004,kiri
2158741,kutse
3608206,ajaleht
3375236,graafika
3199773,plakat
3398801,postkaart
2795353,fotonegatiiv
2069471,foto
4303378,münt
3639607,kavand/joonis/eskiis
3489616,digitaalne kujutis
2072004,foto
2740494,foto
3693129,foto
2717397,raamat
3412300,foto
3239792,kavand/joonis/eskiis
3391817,foto
2182975,kava
2351432,medal
1333598,pitsat
4285419,dokument
2723442,foto
3708129,kavand/joonis/eskiis
2876434,kalender
2288276,kava
2245136,kavand/joonis/eskiis
3319230,plakat
3826259,kiri
2992137,kiri
2365533,dokument
2334245,arheoloogiline leid
2315047,arheoloogiline leid
2565818,"foto, postkaart"
2315400,arheoloogiline leid
2563941,dokument
3212122,fotonegatiiv
234546,rinnanõel
2327110,arheoloogiline leid
208062,"<dokumendid koostamise sisu järgi>, käsikiri, laul/ vokaalmuusika"
3422439,foto
2324527,arheoloogiline leid
3707268,akvarell
2565722,dokument
2823350,kiri
4085026,fotonegatiiv
2770102,kavand/joonis/eskiis
2075683,fotonegatiiv
2310870,kiri
2865768,foto
3559517,kava
3342906,kavand/joonis/eskiis
3757861,graafika
3427531,dokument
2735300,foto
3810615,raamat
2061787,foto
3659338,kavand/joonis/eskiis
2747408,dokument
2737532,foto
2554690,foto
2049743,foto
2659445,foto
2771660,fotonegatiiv
3171622,pitser/templijäljend
4036325,foto
3690609,kavand/joonis/eskiis
3632383,fotonegatiiv
2055716,foto
3664511,dokument
2340843,kahvel
2710659,foto
2315238,arheoloogiline leid
3707361,graafika
235962,maal
2267286,noodid
3767117,kleit
3536657,kavand/joonis/eskiis
2392953,kava
3657223,kavand/joonis/eskiis
3648990,kavand/joonis/eskiis
2055543,foto
2730581,foto
2580383,fotonegatiiv
3916329,helikandja
3452452,plakat
2038368,foto
3678747,kavand/joonis/eskiis
2581635,kiri
2694357,foto
4294600,fotonegatiiv
2723582,foto
3450071,foto
2578154,postkaart
4089685,fotonegatiiv
3681805,kavand/joonis/eskiis
2041267,foto
4035347,käsikiri
1887269,fotonegatiiv
2718776,foto
2320104,arheoloogiline leid
3912402,plakat
3241531,münt
4124487,"käsikiri, muusikateos"
3500412,foto
2072296,foto
2503163,graafika
3590736,kiri
2430026,"foto, käsikiri"
3936363,foto
2707922,fotonegatiiv
2803705,fotonegatiiv
2693358,foto
2773101,fotonegatiiv
3055171,plakat
2075764,fotonegatiiv
2073458,fotonegatiiv
3095795,digitaalne kujutis
3380573,foto
203891,käsikiri
2737252,foto
3589608,vorm (vahend)
2730469,foto
3371747,foto
228535,"lint/pael, silt/märk"
3851913,kiri
2772378,fotonegatiiv
3366756,foto
2772024,fotonegatiiv
2658990,fotonegatiiv
2694642,foto
4209989,käsikiri
3083223,kiri
2352217,medal
2074298,fotonegatiiv
396931,pitsat
2335091,arheoloogiline leid
2078517,fotonegatiiv
2065789,foto
3911635,dokument
3873626,plakat
1753932,digitaalne kujutis
2073607,fotonegatiiv
2726357,foto
2780381,plakat
2708109,foto
3839986,fotonegatiiv
2333428,arheoloogiline leid
3396997,peakate
3038071,plakat
3030952,kiri
3082724,kava
3360321,kava
2803835,fotonegatiiv
2653622,fotonegatiiv
2824466,fotonegatiiv
2329254,arheoloogiline leid
2327538,arheoloogiline leid
2754763,foto
2708652,fotonegatiiv
3627621,kiri
2371007,pitser/templijäljend
3607246,fotonegatiiv
3150714,kavand/joonis/eskiis
421673,film
3924144,kiri
4089265,fotonegatiiv
2595651,dokument
4100052,kann
394694,jakk/pintsak
2719551,foto
2332368,arheoloogiline leid
3042680,raamat
3683447,kavand/joonis/eskiis
411175,küünal
3758582,kavand/joonis/eskiis
2983016,kava
3188643,pitser/templijäljend
2065245,foto
397937,fotonegatiiv
2057384,foto
2770734,kavand/joonis/eskiis
2691492,"foto, postkaart"
206393,"<dokumendid koostamise sisu järgi>, käsikiri, muusikateos, noodid"
2233888,fotonegatiiv
2771479,fotonegatiiv
3686127,kavand/joonis/eskiis
398780,fotonegatiiv
2049778,foto
201629,"<dokumendid koostamise sisu järgi>, käsikiri, noodid"
3207971,kiri
2038076,foto
3661158,kavand/joonis/eskiis
3327111,väiketrükis
3612088,kiri
2074123,fotonegatiiv
2711684,foto
2627889,raamat
2328356,arheoloogiline leid
3786055,kiri
2343953,kaelaehe
2957445,kindad
4081325,foto
217542,dokument
3920779,plakat
2045310,foto
394810,kalender
4078844,käsikiri
198850,"käsikiri, laul/ vokaalmuusika"
4039145,ajaleht
3697961,lina/linik
3913291,raamat
3143903,pitser/templijäljend
2658286,fotonegatiiv
3855940,graafika
2034417,album
2723465,raamat
3275700,laegas/karp
4029162,"digitaalne kujutis, foto"
2317973,arheoloogiline leid
3927038,plakat
3911426,raamat
2209510,raamat
2582323,foto
2035476,foto
3133838,kiri
3062046,karikatuur
3920075,foto
1912307,noodid
3287941,kleit
3196692,plakat
2345961,fotonegatiiv
2137959,fotonegatiiv
3919017,plakat
3263039,digitaalne kujutis
4080627,aukiri/auaadress
1976242,plakat
2043388,foto
1460948,kava
3908907,kava
229537,nuga
3388354,foto
3414054,foto
2338464,plakat
2828085,kiri
2049625,foto
3676578,kava
2659050,fotonegatiiv
2719086,foto
2826490,fotonegatiiv
4149025,nõu/anum
2331930,arheoloogiline leid
3363972,kava
2053768,foto
4014987,noodid
2313776,arheoloogiline leid
4097457,foto
3961048,väiketrükis
3397852,foto
3239661,käsikiri
3556813,dokument
3766451,kiri
2436629,kava
3281394,foto
397790,mantel
4111581,käsikiri
3253975,kava
3861864,foto
3625292,dokument
2768461,fotonegatiiv
3989144,kava
2791022,fotonegatiiv
196517,"<dokumendid koostamise sisu järgi>, käsikiri, muusikateos"
4265191,dokument
2780721,fotonegatiiv
2267387,fotonegatiiv
3059703,karikatuur
3058999,kiri
3389337,kiri
4090967,foto
2511959,münt
3429419,kiri
2734980,foto
2298873,foto
3649206,foto
2346963,lina/linik
4102536,plakat
3542658,foto
3616962,raamat
3005729,ajakiri
3107877,elektrooniline kujutis
2384955,foto
1977080,kiri
3629233,fotonegatiiv
3060777,kiri
3489346,digitaalne kujutis
2818456,fotonegatiiv
2933060,käsikiri
2717888,foto
204413,"<dokumendid koostamise sisu järgi>, laul/ vokaalmuusika"
3080517,digitaalne kujutis
3187857,pitser/templijäljend
4049918,ajakiri
3715930,kavand/joonis/eskiis
3670839,digitaalne kujutis
4049213,ajakiri
3663618,kiri
2055128,foto
4077749,käsikiri
2351234,medal
1871010,dokument
3138664,"elektrooniline kujutis, kavand/joonis/eskiis"
2365620,dokument
3665619,kiri
3977272,raamat
2307565,"kaustik/vihik, käsikiri"
3220982,pitsat
3031293,plakat
3435893,foto
1863475,diapositiiv
2050665,foto
2977066,plakat
2455269,raamat
2512068,münt
2268756,noodid
3321154,foto
2761392,plakat
2065856,foto
3528969,kiri
3649390,foto
2775746,fotonegatiiv
2848805,foto
2458553,foto
3272731,muusikainstrument
2804495,fotonegatiiv
2799035,fotonegatiiv
4203591,noodid
3164966,gemm
2218230,foto
3926509,plakat
2783642,fotonegatiiv
3300004,foto
229744,kava
3291886,raamat
1834889,laegas/karp
4258799,sahtel
3071546,postkaart
3809172,pastapliiats
3211286,fotonegatiiv
3616614,kavand/joonis/eskiis
2068466,foto
2739424,foto
3671175,kavand/joonis/eskiis
3364044,kava
2079023,fotonegatiiv
3163519,pitser/templijäljend
2075070,fotonegatiiv
3914732,helisalvestis
3084632,foto
2687616,foto
2288399,plakat
3979564,plakat
3579179,digitaalne kujutis
2031689,tunnistus
3991320,väiketrükis
3581702,aluspüksid
3042384,plakat
2356900,postkaart
3986674,väiketrükis
2804019,fotonegatiiv
3671677,kavand/joonis/eskiis
2352738,medal
4227469,"käsikiri, laul/ vokaalmuusika"
3257323,kavand/joonis/eskiis
2515373,foto
4285937,žetoon
3225079,fotonegatiiv
2318198,arheoloogiline leid
3212106,pitser/templijäljend
2019031,kava
3365625,kava
2034580,foto
3575322,kavand/joonis/eskiis
236285,graafika
2033718,foto
2318573,arheoloogiline leid
3254094,foto
3311534,kavand/joonis/eskiis
3295479,joonistus
2842293,foto
3961095,alus/hoidja
2317147,arheoloogiline leid
4085422,fotonegatiiv
4000576,käsikiri
2329636,arheoloogiline leid
3774008,fotonegatiiv
3540474,foto
3537687,kavand/joonis/eskiis
2326367,arheoloogiline leid
203421,käsikiri
2067835,foto
3868264,foto
3375105,graafika
3706745,kiri
2732650,foto
3926984,plakat
3792262,foto
2322245,arheoloogiline leid
3814266,noodid
2052918,foto
2342642,piip
224704,kavand/joonis/eskiis
3687375,väiketrükis
2797837,ajaleht
3193539,tunnistus
2594305,särk
3123017,kava
2056943,foto
3338754,paber
3090131,foto
4033961,kiri
2723618,foto
3128520,fotonegatiiv
2707808,fotonegatiiv
3202819,pitser/templijäljend
2276170,karikatuur
2491416,foto
4047539,postkaart
3005956,foto
4290670,fotonegatiiv
3367986,foto
2807185,fotonegatiiv
2126606,ajakiri
3333433,fotonegatiiv
2330860,arheoloogiline leid
2815311,fotonegatiiv
3699315,foto
1303812,dokument
2756506,plakat
3796095,foto
3283067,fotonegatiiv
3610290,dokument
2111594,noodid
3367300,kiri
2317023,arheoloogiline leid
2513030,münt
1737287,nõu/anum
3767093,"aksessuaar, ehe"
2841818,müts
3542019,kavand/joonis/eskiis
3186692,pitser/templijäljend
3696227,foto
3629082,fotonegatiiv
3194669,dokument
1981568,kalender
394057,nööp
233147,käsikiri
2738826,foto
2512537,münt
2319033,arheoloogiline leid
3059843,plakat
3537158,foto
2809486,fotonegatiiv
3303202,raamat
3248138,peakate
1624911,raamat
2078911,fotonegatiiv
2027308,"<kaugusmõõduseadmed>, mõõteriist"
3539446,"digitaalne kujutis, elektrooniline kujutis"
4032418,raamat
2722509,foto
3118239,ajakiri
2666534,dokument
3664224,kavand/joonis/eskiis
3171627,pitser/templijäljend
2728949,postkaart
202958,"<dokumendid koostamise sisu järgi>, muusikateos"
2745503,fotonegatiiv
222841,plakat
4316596,plakat
2324403,arheoloogiline leid
3685991,kavand/joonis/eskiis
4114720,plakat
3538833,foto
200380,"<dokumendid koostamise sisu järgi>, käsikiri, noodid"
3574644,dokument
2323963,arheoloogiline leid
2523021,münt
4299241,fotonegatiiv
2788763,fotonegatiiv
3562690,kavand/joonis/eskiis
2333149,arheoloogiline leid
3264818,silt/märk
1185396,fotomaterjal
4119883,plakat
3657541,kavand/joonis/eskiis
3659598,käsikiri
3292466,kavand/joonis/eskiis
3671458,postkaart
2009683,noodid
1796131,trükinoot
2776597,fotonegatiiv
2057371,foto
3846462,foto
2316657,arheoloogiline leid
2476053,foto
2590211,sõrmus
2057376,foto
197718,"<dokumendid koostamise sisu järgi>, laul/ vokaalmuusika"
3714220,kiri
2828265,fotonegatiiv
2351665,medal
1977646,kauss
2043740,foto
2058188,foto
2464231,foto
231715,plakat
3313252,foto
2521116,münt
3225207,fotonegatiiv
2933158,"käsikiri, laul/ vokaalmuusika"
2079417,fotonegatiiv
2428192,kott
2484277,raamat
3619892,fotonegatiiv
1549328,käsikiri
3222590,foto
2782307,fotonegatiiv
1385493,"<dokumendi liigid muusikas>, noodid"
3055364,plakat
4214940,"käsikiri, laul/ vokaalmuusika"
2600809,kiri
195664,"käsikiri, laul/ vokaalmuusika"
3632853,fotonegatiiv
3679013,kavand/joonis/eskiis
2859563,kutse
2742636,fotonegatiiv
416896,piits
3934641,plakat
3540756,foto
2140373,fotonegatiiv
3985903,raamat
2653124,münt
196786,"<dokumendid koostamise sisu järgi>, käsikiri, laul/ vokaalmuusika"
1992514,fotonegatiiv
4125760,vaagen
2726240,foto
2738396,foto
3864603,foto
2470212,foto
4095785,plakat
2063064,foto
2742545,kavand/joonis/eskiis
3358150,kava
3340166,graafika
2794472,fotonegatiiv
3181330,kava
3543310,kaustik/vihik
3561949,kavand/joonis/eskiis
2906854,telegramm
3766234,album
3987086,kava
2062794,foto
3930219,foto
2333954,arheoloogiline leid
2804381,fotonegatiiv
3931106,foto
2925524,kavand/joonis/eskiis
1998072,"laegas/karp, medal"
4041856,plakat
2658166,fotonegatiiv
380739,digitaalne kujutis
2657809,foto
3796126,käsikiri
3173474,kava
236922,graafika
2878022,foto
2512819,münt
2781579,fotonegatiiv
3569227,foto
3976195,kiri
3393884,foto
3186684,pitser/templijäljend
203102,"<dokumendid koostamise sisu järgi>, käsikiri, noodid"
2487796,foto
2318271,arheoloogiline leid
2074976,fotonegatiiv
2069983,foto
3073417,žetoon
3775681,fotonegatiiv
4088075,kavand/joonis/eskiis
2717476,foto
2748211,fotonegatiiv
2746101,fotonegatiiv
2781755,fotonegatiiv
2724065,kiri
4025519,foto
2810211,fotonegatiiv
3278664,fotomaterjal
3168849,kava
3774290,fotonegatiiv
2724517,foto
3920625,plakat
2739423,foto
2788034,fotonegatiiv
2315144,arheoloogiline leid
3915360,plakat
2797894,"fotonegatiiv, fotonegatiiv"
1916028,foto
4024903,"käsikiri, laul/ vokaalmuusika, muusikateos"
2712153,postkaart
3234635,käsikiri
2743215,fotonegatiiv
3179889,käsikiri
1915838,raamat
2790422,fotonegatiiv
3279301,graafika
3333218,fotonegatiiv
3574388,foto
2708038,fotonegatiiv
2138588,ajakiri
3019241,karikatuur
3610614,käsikiri
3060100,plakat
3708341,kavand/joonis/eskiis
4116488,plakat
3852695,postkaart
3574083,aluspüksid
2163759,postkaart
2791136,fotonegatiiv
396730,fotonegatiiv
4086969,fotonegatiiv
3402764,foto
3081211,kiri
3293788,kiri
2327152,arheoloogiline leid
3819244,postkaart
2162192,kava
2076997,fotonegatiiv
2530767,foto
3542317,dokument
2088202,kava
1392951,"<dokumendi liigid muusikas>, noodid"
235558,karikatuur
3330134,fotonegatiiv
1975637,fotonegatiiv
2732131,foto
3675431,kavand/joonis/eskiis
2044138,foto
2934861,foto
2559167,foto
2280845,noodid
2797538,"fotonegatiiv, fotonegatiiv"
2693299,ajaleht
3539882,käsikiri
3844784,paberraha
2727756,foto
3443407,foto
3126763,graafika
3185640,ahing
2035111,foto
3686481,raamat
3538039,digitaalne kujutis
3931500,plakat
2775054,fotonegatiiv
2064543,foto
3629550,kavand/joonis/eskiis
4125881,käsikiri
3537636,kavand/joonis/eskiis
2335516,arheoloogiline leid
2739583,foto
3687837,kavand/joonis/eskiis
4121700,foto
235048,vimpel
4035005,kava
2727196,foto
4085820,fotonegatiiv
409193,nõu/anum
2722224,foto
2324003,arheoloogiline leid
1712887,diapositiiv
2042045,foto
2538446,fotonegatiiv
3758101,foto
3018481,fotonegatiiv
3844008,lusikas
3352430,dokument
2781301,album
3671556,kavand/joonis/eskiis
3587343,tunnistus
4084992,fotonegatiiv
3275791,kavand/joonis/eskiis
1998903,kavand/joonis/eskiis
3401069,foto
3186312,käsikiri
427470,figuur
1122599,fotonegatiiv
3682443,kiri
3908242,noodid
204284,"käsikiri, laul/ vokaalmuusika"
4261842,fotonegatiiv
2053472,foto
2596666,käsikiri
3165678,väiketrükis
2463296,kavand/joonis/eskiis
4296153,fotonegatiiv
2351008,medal
3535707,münt
2320142,arheoloogiline leid
2981153,foto
2173750,dokument
3050460,foto
2324600,arheoloogiline leid
2140000,kava
3225811,fotonegatiiv
3576892,ajaleht
2351918,medal
3402680,foto
1797884,noodid
2064746,foto
3592679,kiri
2057118,foto
2820753,fotonegatiiv
3252939,foto
3340758,kava
3557370,kavand/joonis/eskiis
4275171,helisalvestis
2045333,foto
3485475,kavand/joonis/eskiis
3434753,foto
2388458,raamat
1830440,mööbel
4130039,"käsikiri, laul/ vokaalmuusika"
2691195,foto
4045424,helisalvestis
3965460,kutse
2512315,münt
4099584,plakat
2788181,fotonegatiiv
3623288,kavand/joonis/eskiis
2353379,medal
3630385,kavand/joonis/eskiis
3073002,kavand/joonis/eskiis
2559476,raamat
394448,raamat
3079201,plakat
4304467,dokument
2788663,fotonegatiiv
2147177,kava
3679410,kiri
2034559,foto
2611886,foto
4280485,dokument
2658575,raamat
2323727,arheoloogiline leid
2756603,foto
2079977,fotonegatiiv
3817045,raamat
3402692,foto
2815428,fotonegatiiv
3366871,dokument
2314361,arheoloogiline leid
1992832,fotonegatiiv
2737632,foto
2077333,fotonegatiiv
3018183,fotonegatiiv
1365040,püksid
3124291,"foto, postkaart"
3089082,foto
3599438,kiri
3774253,fotonegatiiv
3265550,foto
223079,plakat
2455076,foto
2045042,foto
3245622,noodid
3675619,kavand/joonis/eskiis
2742457,fotonegatiiv
2688373,foto
3593943,kahvel
2298665,"kiri, postkaart"
207576,"<dokumendid koostamise sisu järgi>, käsikiri, muusikateos, noodid"
4087508,raamat
1977707,kiri
1975289,fotonegatiiv
2598351,väiketrükis
1262897,foto
2762952,fotonegatiiv
2319538,arheoloogiline leid
3700008,kiri
2764601,fotonegatiiv
2014371,"<dokumendid koostamise sisu järgi>, muusikateos, noodid"
1982072,fotonegatiiv
3207616,fotonegatiiv
2701725,kava
3690417,foto
3539031,kava
3165069,joonistus
2733686,postkaart
3148164,kava
2309686,väiketrükis
2538320,fotonegatiiv
2197599,kutse
4032902,raamat
3621561,kavand/joonis/eskiis
2722738,foto
396767,väiketrükis
2710276,foto
2772017,fotonegatiiv
2057088,foto
2318350,arheoloogiline leid
3408719,vest 
2765300,fotonegatiiv
3908985,raamat
2073930,fotonegatiiv
2352798,medal
3130949,kiri
3433565,foto
216306,plakat
3563099,kavand/joonis/eskiis
4092699,plakat
2049181,"foto, postkaart"
2755989,raamat
2264458,foto
3622083,kavand/joonis/eskiis
3951870,foto
2752064,ajaleht
216360,dokument
2702657,kava
4147511,dokument
206663,"<dokumendid koostamise sisu järgi>, käsikiri, laul/ vokaalmuusika"
4225044,helisalvestis
3209334,dokument
3185909,graafika
4288760,dokument
2052712,foto
3684196,kavand/joonis/eskiis
3691655,foto
2510743,münt
2491501,foto
2034235,foto
2452333,kava
2765417,fotonegatiiv
3715374,kavand/joonis/eskiis
4262112,fotonegatiiv
2799359,fotonegatiiv
3913084,kiri
3842932,nimekaart
2118217,"käsikiri, laul/ vokaalmuusika"
3387998,foto
2988057,foto
2746614,fotonegatiiv
2065821,foto
3402325,foto
2810792,kiri
2196750,kava
4261928,fotonegatiiv
3371231,foto
2798280,fotonegatiiv
2330177,arheoloogiline leid
3366311,foto
2256492,foto
3766696,maal
4303395,münt
2745260,fotonegatiiv
2037628,foto
3393708,foto
3664861,kavand/joonis/eskiis
3575739,foto
3844254,kiri
2045055,foto
3160845,foto
3962202,kiri
2523007,münt
3578841,digitaalne kujutis
2779868,fotonegatiiv
3542451,kiri
1830019,foto
4260384,dokument
2740868,foto
2251977,ajakiri
3674291,kavand/joonis/eskiis
3528808,kavand/joonis/eskiis
4166994,plakat
3856093,trükinoot
2069686,foto
3218296,fotonegatiiv
3657483,käsikiri
2780680,fotonegatiiv
2455210,foto
2303939,käsikiri
2195070,foto
4085273,plakat
2777109,fotonegatiiv
3940042,dokument
2649629,foto
397398,peakate
2848940,foto
2739898,foto
2330298,arheoloogiline leid
4086238,fotonegatiiv
2792796,fotonegatiiv
2725406,foto
4308591,dokument
2182151,"käsikiri, laul/ vokaalmuusika, muusikateos"
3038054,plakat
3627095,kavand/joonis/eskiis
3555896,kavand/joonis/eskiis
2077110,fotonegatiiv
3585189,graafika
2313154,arheoloogiline leid
3028594,kiri
2085584,kava
2071326,foto
217696,plakat
3300692,graafika
3536375,foto
2594584,foto
2487911,foto
3840369,fotonegatiiv
2078720,fotonegatiiv
227744,plakat
2566204,foto
224624,"<dokumendid koostamise sisu järgi>, postkaart"
3390569,plakat
2068182,foto
3589835,Pannoo
3181067,foto
3248613,noodid
2048947,foto
3846329,kiri
2317091,arheoloogiline leid
3378701,foto
4145546,"käsikiri, laul/ vokaalmuusika"
2574464,käsikiri
2844397,plakat
3152633,pitser/templijäljend
2099327,nukk
3371578,graafika
3945738,foto
4261571,fotonegatiiv
3892049,plakat
2454891,kava
2310139,märkmed
2136705,kava
3213396,pitsat
3132340,pitser/templijäljend
3366581,foto
4261631,fotonegatiiv
3013665,kava
2570411,foto
3059647,karikatuur
2579522,kiri
3705509,maal
2229699,kava
2789371,"fotonegatiiv, fotonegatiiv"
2780249,fotonegatiiv
3411013,kava
4015187,väiketrükis
3099554,aukiri/auaadress
4029641,"käsikiri, laul/ vokaalmuusika"
2316550,arheoloogiline leid
2078196,fotonegatiiv
2066928,foto
2047385,foto
2072441,foto
2873410,"foto, postkaart"
2515641,foto
2046845,foto
3852875,kiri
3798899,foto
2914196,foto
2727089,foto
225592,nukk
3119137,fotonegatiiv
4202288,"käsikiri, muusikateos"
3955860,toos/tops
2459794,raamat
2590016,"foto, postkaart"
2288081,"fotomaterjal, fotonegatiiv"
2182721,kiri
4300310,foto
3212011,pitser/templijäljend
2076729,fotonegatiiv
2790457,foto
206583,käsikiri
2968515,raamat
2801050,fotonegatiiv
2722629,foto
2510767,münt
4096157,foto
2070571,foto
3833477,foto
4114813,plakat
2795307,fotonegatiiv
2073494,fotonegatiiv
2244034,karikatuur
2771958,fotonegatiiv
2792499,fotonegatiiv
2697910,foto
2054171,foto
3632084,fotonegatiiv
3945853,raamat
2046733,foto
2524386,münt
3348082,foto
4049284,ajakiri
3344058,noodid
2040603,foto
2761222,fotonegatiiv
3556609,kiri
1909773,foto
3664809,kavand/joonis/eskiis
2314916,arheoloogiline leid
3671049,digitaalne kujutis
2817980,fotonegatiiv
4015122,noodid
3434131,foto
2280603,noodid
2287484,õlak
199452,"käsikiri, muusikateos"
2334581,arheoloogiline leid
1900354,käsikiri
2065204,foto
2511247,münt
2532650,raamat
2313806,arheoloogiline leid
235914,maal
206620,käsikiri
2333753,arheoloogiline leid
2702930,kiri
3003483,plakat
3947202,foto
214939,lint/pael
2775153,fotonegatiiv
3655638,kavand/joonis/eskiis
2330532,arheoloogiline leid
2078527,fotonegatiiv
2070930,foto
970514,vest 
2077351,fotonegatiiv
2573680,foto
3543309,kaustik/vihik
2345926,kava
2735784,foto
3211628,pitser/templijäljend
229010,silt/märk
204593,"<dokumendid koostamise sisu järgi>, muusikateos, noodid"
1476581,foto
3406460,väiketrükis
2464760,raamat
3580208,foto
3266032,foto
2064426,foto
4045413,helisalvestis
2455716,foto
2363237,raamat
3022978,kott
3380467,ajaleht
3979803,"käsikiri, muusikateos"
3271789,kavand/joonis/eskiis
204954,"käsikiri, laul/ vokaalmuusika"
1830214,foto
3645403,kavand/joonis/eskiis
3099086,käsikiri
3186889,pitser/templijäljend
2771770,fotonegatiiv
3912024,plakat
3855991,foto
4261186,fotonegatiiv
2330944,arheoloogiline leid
3679553,kiri
207228,"<dokumendid koostamise sisu järgi>, käsikiri, laul/ vokaalmuusika, noodid"
3607391,foto
2455389,foto
2946476,raamat
2230974,foto
3848169,foto
3713232,graafika
2354095,medal
2335130,arheoloogiline leid
2105399,kava
4087395,kavand/joonis/eskiis
2188995,"käsikiri, laul/ vokaalmuusika, muusikateos, muusikateos, õppevahend"
4091832,plakat
1400002,medal
4050973,foto
2759256,plakat
3635037,kiri
2187768,kava
4086350,helisalvestis
4101508,foto
2064705,foto
4044810,käsikiri
2069575,foto
2694515,raamat
2823373,kava
2959341,ajakiri
2812253,fotonegatiiv
4047399,käsikiri
230629,mask
3737098,käsikiri
4096396,helisalvestis
2935203,foto
3685705,kavand/joonis/eskiis
3219291,"digitaalne kujutis, elektrooniline kujutis"
2748111,fotonegatiiv
3657302,graafika
3345284,medal
4309546,dokument
3682067,kavand/joonis/eskiis
3652917,kiri
3275574,foto
3854176,kiri
3927000,foto
2291601,"kiri, postkaart"
2074713,fotonegatiiv
222996,plakat
2719461,foto
2521117,münt
412975,ehe
2040043,foto
3206567,kiri
2936334,põll
3278694,graafika
3367672,foto
3902500,kava
2067035,foto
4066218,kava
3147147,käsikiri
2069212,foto
2746038,fotonegatiiv
3956540,kaustik/vihik
3231071,fotonegatiiv
2073966,fotonegatiiv
2034104,foto
3318200,pross
3431763,graafika
3695261,kavand/joonis/eskiis
2067737,foto
3603033,kavand/joonis/eskiis
3224514,käsikiri
3022426,plakat
2776878,fotonegatiiv
3587482,käsikiri
2605314,foto
2653710,fotonegatiiv
221890,foto
3907737,noodid
199161,"<dokumendid koostamise sisu järgi>, laul/ vokaalmuusika"
204429,"<dokumendid koostamise sisu järgi>, käsikiri, muusikateos"
3695252,kavand/joonis/eskiis
222395,plakat
3254570,käsikiri
3525002,kiri
3942871,raamat
2048223,foto
2481678,plakat
2060780,foto
3147047,pitser/templijäljend
2764891,fotonegatiiv
3247881,käsikiri
4040977,käsikiri
4110395,plakat
3674055,kavand/joonis/eskiis
3542976,ajaleht
3529212,foto
4047711,"käsikiri, laul/ vokaalmuusika"
2962896,kiri
2324675,arheoloogiline leid
2075354,fotonegatiiv
2324929,arheoloogiline leid
2324923,arheoloogiline leid
4138640,"käsikiri, laul/ vokaalmuusika"
2043679,foto
2342602,silt/märk
2282362,"fotomaterjal, fotonegatiiv"
2034651,foto
2006108,dokument
2757113,plakat
3717802,kavand/joonis/eskiis
2539534,kava
3858104,kava
3608321,dokument
3651432,kavand/joonis/eskiis
2069698,foto
2783716,fotonegatiiv
2721135,foto
2792485,kava
3840097,fotonegatiiv
3946209,käsikiri
4266933,postkaart
3333928,joogiklaas
3254521,foto
3142849,pitser/templijäljend
3326362,maal
2331921,arheoloogiline leid
229847,kavand/joonis/eskiis
2486519,foto
2796975,akvarell
3262975,digitaalne kujutis
2762372,fotonegatiiv
236166,graafika
2986300,kava
2234368,fotonegatiiv
206577,"<dokumendid koostamise sisu järgi>, käsikiri, laul/ vokaalmuusika"
217691,plakat
3489550,digitaalne kujutis
2327766,arheoloogiline leid
3387372,foto
3385823,medal
3965044,"kosmeetika, pudel"
3301000,kavand/joonis/eskiis
207688,"<dokumendid koostamise sisu järgi>, käsikiri, muusikateos, noodid"
1343801,foto
3901785,kiri
2342768,dekoratiivpilt
2913396,foto
3535371,münt
2352630,medal
2702268,kava
200869,"<dokumendid koostamise sisu järgi>, käsikiri, laul/ vokaalmuusika"
3988033,plakat
2313019,arheoloogiline leid
2222847,ehe
3401077,foto
2048982,foto
4114746,plakat
2365598,kava
3211163,fotonegatiiv
2034140,foto
3469314,"lint/pael, silt/märk"
3708345,kavand/joonis/eskiis
3202109,pitser/templijäljend
3812902,dokument
2067373,foto
3538906,foto
2273920,tapeet
1698172,peegel
2562686,dokument
3139155,fotonegatiiv
3625346,dokument
3684844,kutse
3655862,kavand/joonis/eskiis
216107,kutse
3811554,väiketrükis
3328784,ajaleht
3518447,kiri
3041324,plakat
2441514,raamat
1743514,kalender
2713418,foto
3076150,käsikiri
3936568,"dokument, käsikiri"
3587209,mähe
197163,"<dokumendid koostamise sisu järgi>, laul/ vokaalmuusika"
3253967,kava
2747138,kava
2512419,münt
3840414,fotonegatiiv
2805116,fotonegatiiv
3151888,kava
4029273,digitaalne kujutis
3584215,fotomaterjal
2708583,foto
2799072,fotonegatiiv
2821988,fotonegatiiv
2735508,foto
2731930,foto
3321130,aksessuaar
2809004,fotonegatiiv
427141,fotonegatiiv
1648672,õng
3435785,foto
4300225,fotograafiaseade
4142449,foto
2914411,foto
2519127,foto
4280387,dokument
2816777,fotonegatiiv
2143003,foto
3653876,väiketrükis
2215324,kiri
2665873,foto
3160979,pitser/templijäljend
2745241,raamat
2703701,fotonegatiiv
2075102,fotonegatiiv
2658399,fotonegatiiv
2048470,foto
2494063,pitsat
3182670,kutse
2053125,foto
3551572,kardin
2772528,fotonegatiiv
3649607,kavand/joonis/eskiis
2343402,rihm
4029113,digitaalne kujutis
3632237,kiri
4025455,foto
4116793,foto
2814686,fotonegatiiv
1323755,pitsat
2867518,kava
3247071,noodid
2334664,arheoloogiline leid
3277013,foto
3542884,foto
3343298,väiketrükis
2828864,kiri
3103100,kutse
3592860,telegramm
3351744,plakat
3574945,dokument
3237753,kavand/joonis/eskiis
3921855,plakat
4131268,plakat
3372403,foto
3139144,käsikiri
2832545,fotonegatiiv
3592064,nööp
2858198,nukk
3428087,dokument
4135338,ajakiri
2059649,foto
205568,"<dokumendid koostamise sisu järgi>, laul/ vokaalmuusika"
2077472,fotonegatiiv
4303129,dokument
237409,maal
3015953,plakat
2958744,"pakend, toos/tops, toos/tops"
3398843,käsikiri
4104958,plakat
2819963,kiri
3169975,kava
3654559,graafika
2833522,"dokument, plakat"
2817864,fotonegatiiv
3776088,fotonegatiiv
2025438,kava
2042321,foto
3735451,dokument
1154148,fotomaterjal
3043529,raamat
2771265,fotonegatiiv
3840786,fotonegatiiv
2074591,fotonegatiiv
3143357,kava
2164219,ripats
2338492,plakat
4050342,ajakiri
3943759,raamat
3193155,dokument
2774140,fotonegatiiv
3437260,foto
2068326,foto
4277433,helisalvestis
2697810,foto
2726681,foto
2043654,foto
1919937,fotonegatiiv
3634761,kiri
3653700,kavand/joonis/eskiis
2529501,münt
2014360,plakat
3242438,kava
2710420,foto
2938140,ajakiri
3856102,foto
4049933,ajakiri
232864,väljalõige
2696712,"foto, postkaart, postmark"
3252469,foto
3694283,foto
3167850,postkaart
2051988,foto
4030447,digitaalne kujutis
1310326,foto
235044,"alus/hoidja, vimpel"
1437048,"käsikiri, muusikateos"
2838609,piip
3867339,foto
3489453,digitaalne kujutis
2015671,lukk
392535,foto
1875181,dokument
2075601,fotonegatiiv
2118025,kava
2373646,dokument
3370096,digitaalne kujutis
2034473,foto
4103620,plakat
2047333,foto
2076796,fotonegatiiv
2313877,arheoloogiline leid
3512103,kavand/joonis/eskiis
2080040,fotonegatiiv
3321613,graafika
2333338,arheoloogiline leid
2329270,arheoloogiline leid
1624860,raamat
201371,"<dokumendid koostamise sisu järgi>, muusikateos"
3701061,foto
3230491,foto
3760682,kavand/joonis/eskiis
2747020,foto
3299556,fotonegatiiv
4087004,fotonegatiiv
3288265,raamat
3626917,kiri
3394734,foto
4050390,ajakiri
2066024,foto
4299060,fotonegatiiv
2959746,ajakiri
2324976,arheoloogiline leid
3583203,raamat
2771527,fotonegatiiv
4093175,plakat
2332639,arheoloogiline leid
3850507,graafika
2106981,pitser/templijäljend
2323875,arheoloogiline leid
2601131,"aukiri/auaadress, kiri"
3348068,foto
233376,tunnistus
3357694,kava
3179769,pitser/templijäljend
2328134,arheoloogiline leid
2346197,kiri
3133693,graafika
4317302,helisalvestis
2448641,foto
1324217,"<dokumendi liigid muusikas>, noodid"
3764778,aukiri/auaadress
3305366,peakate
3965037,käsikiri
2768534,fotonegatiiv
3214074,tööriist
3792255,maakaart
4087124,plakat
1888382,noodid
4260869,fotonegatiiv
3227206,postkaart
2050740,foto
2340566,"dekoratiivne vorm, kott"
3247378,käsikiri
3729590,"graafika, pilttrükis"
3833599,fotonegatiiv
3069130,plakat
2775178,fotonegatiiv
3664248,kavand/joonis/eskiis
4103187,plakat
3434814,foto
3762848,dokument
3222381,pitsat
2706277,fotonegatiiv
2077480,fotonegatiiv
2738929,foto
2732777,foto
3063639,kiri
3945408,käsikiri
3241548,münt
3579231,dokument
2256480,noodid
2324784,arheoloogiline leid
217546,plakat
3108058,noodid
229953,kavand/joonis/eskiis
3244188,graafika
2352435,medal
4093136,plakat
3361961,kava
4100468,foto
2478607,raamat
2984179,foto
3340262,meene/suveniir
3325386,kavand/joonis/eskiis
203215,"<dokumendid koostamise sisu järgi>, laul/ vokaalmuusika"
2388276,foto
3414259,foto
2457430,kava
2785014,fotonegatiiv
3618227,kava
1999457,diapositiiv
2049029,"foto, postkaart, postmark"
2042394,foto
3545709,dokument
2323823,arheoloogiline leid
2059891,foto
2074622,fotonegatiiv
3439184,särk
2364594,kaustik/vihik
3385474,kava
4229493,foto
3181136,foto
3705660,foto
2565565,dokument
2121772,kava
2047738,foto
2745366,fotonegatiiv
3688049,raamat
2818424,ajakiri
3698715,vaip
3164867,gemm
2075509,fotonegatiiv
3796298,"käsikiri, muusikateos"
1973531,fotonegatiiv
1999095,fotonegatiiv
3580120,foto
2790531,foto
2510662,münt
207192,"<dokumendid koostamise sisu järgi>, laul/ vokaalmuusika"
2747823,fotonegatiiv
2674349,kiri
2050529,foto
3263474,kavand/joonis/eskiis
2046245,foto
4121667,"käsikiri, laul/ vokaalmuusika"
2041657,foto
2796765,fotonegatiiv
3601391,foto
2804473,fotonegatiiv
3622202,kiri
234685,vimpel
3543089,foto
4282656,päevik
2324094,arheoloogiline leid
3667423,digitaalne kujutis
3422635,foto
1766449,plakat
2786135,fotonegatiiv
2269419,noodid
2311494,foto
2797029,akvarell
2785278,fotonegatiiv
4308933,võti
3429758,foto
3582410,kavand/joonis/eskiis
2520368,raamat
3529448,kiri
3831562,peeker
2805995,plakat
2079169,fotonegatiiv
3592603,nööp
2938328,foto
2838807,foto
3648193,kavand/joonis/eskiis
2568253,foto
205650,"käsikiri, laul/ vokaalmuusika"
3636540,aukiri/auaadress
4100030,foto
3720978,kavand/joonis/eskiis
2714710,foto
3706981,???
2328602,arheoloogiline leid
3684228,kavand/joonis/eskiis
4262051,fotonegatiiv
2071702,foto
4205013,helisalvestis
3803107,dokument
4222018,plakat
1911509,noodid
207625,"<dokumendid koostamise sisu järgi>, käsikiri, muusikateos, noodid"
4085554,plakat
3580337,raamat
2183914,aukiri/auaadress
2064785,foto
2197649,foto
4001071,foto
3254642,käsikiri
198555,"<dokumendid koostamise sisu järgi>, muusikateos, noodid"
3576070,käsikiri
3110206,kutse
2764819,fotonegatiiv
3149508,münt
3943034,kava
2694292,foto
2512312,münt
4282725,dokument
2844470,kava
3100555,käsikiri
2556091,käsikiri
2114664,kava
391798,karahvin
3391881,foto
4067493,foto
3187372,käsikiri
2076941,fotonegatiiv
3039999,fotonegatiiv
4308472,dokument
2964446,käsikiri
3914835,helisalvestis
4295809,fotonegatiiv
3615241,kavand/joonis/eskiis
3334706,digitaalne kujutis
2078865,fotonegatiiv
4249848,kavand/joonis/eskiis
3273510,väiketrükis
2815333,fotonegatiiv
2568757,foto
2061615,foto
2522721,münt
1841372,raamat
2344896,lusikas
3315004,raamat
198749,käsikiri
237061,skulptuur
4290854,fotonegatiiv
2740947,foto
206012,"käsikiri, laul/ vokaalmuusika"
2302360,käsikiri
3575869,foto
2533423,kava
394637,foto
195659,"käsikiri, laul/ vokaalmuusika"
2876333,kalender
3208245,kiri
