text_id,text
text0,"Võistlusülesande lahendamiseks vajalikud erialased teadmised ja oskused: elektroonikakomponentide formeerimine ja paigaldamine trükkplaadile, elektroonikakomponentide trükkplaadilt maha jootmine, elektroonikakomponentide trükkplaadile jootmine, jooteseadmete kasutamine, jootematerjalide kasutamine, elektroonikakomponentide ohutus."
text1,Võistlusülesandena tuli elektroonikutel etteantud komponentidest kokku monteerida pindmontaaž- ja läbiviiktehnoloogiaid kasutav elektroonikaseadme trükkplaat. 
text2,"See on väga hea ja positiivne alus, kust kõrgemaid probleemilahenduse ja tehnoloogia kasutuse oskusi edasi arendada. "
text3,"“Töövõtted ja ohutustehnika olid kõigil võistlejatel selged ja nende eest said kõik maksimumpunktid,” tunnustas Kolk."
text4,"Enamasti on nendeks pigem eraisikud ja väikese suurusega ettevõtjad, kel tihti puudub ka oskus, võimekus ja eelarve oma dokumentide pikaajalise turvalisuse tagamiseks."
text5,"“Täpsust ja osavust nõudvat käsijootmise ülesannet jälgisid IPC meisterkoolitaja sertifikaatidega kohtunikud Tallinna Polütehnikumist, kes rahvusvahelistele IPC standarditele tuginedes hindasid valminud trükkplaadi töövõimet ja koostamise kvaliteeti,” selgitab Kolk võistlustööde hindamise parameetreid ning lisab, et võidutöö tulemus oli ideaalilähedane."
text6,"Ühiselt vaadatakse üle, kuidas ja milline eesmärkide puu luua ning kuidas tulemusi hinnata ning tagada edusammudega seotud kommunikatsioon."
text7,"LIKTA kutsub inimesi kõigis kolmes Balti riigis üles osalema projekti “Virtual Internships in the Baltics” raames tasuta digioskuste kursustel, pakkudes kokku 30 000 inimesele võimalust tasuta oma teadmisi parandada ja seeläbi tuleviku karjäärivõimalusi edendada."
text8,"15% eestimaalastest nentis värske uuringu kohaselt, et neilt on tööle kandideerides oodatud enamat kui vaid digitaalseid põhioskusi – küsitud on teadmisi andmeanalüüsist, oodatud on programmeerimisoskust või muid keerukamaid digioskusi."
text9,„Digitaalsest kirjaoskusest on saanud meie igapäevaelu osa. 
text10,Lähiaastatel hakkavad tööandjad üleüldise digipöörde tulemusena digioskustele veelgi enam tähelepanu pöörama.
text11,"On väga teretulnud, et täiskasvanud saavad tasuta kursustel nii oma praktilisi kui teoreetilisi IT-teadmisi arendada, kasvatades nii oma konkurentsivõimet. "
text12,"Nõudlus digiteenuste ja -oskuste järele on kiiresti kasvanud kõikjal Euroopa Liidus, nii ka Balti riikides, kus nii palgad kui tööjõuvajadus kasvavad kõige kiiremini just IT-sektoris."
text13,"ellest saavad aru ka töötajad: et oma professionaalseid oskusi edendada, on 31,8% Läti, 28,4% Leedu ja 25% Eesti elanikest värske uuringu kohaselt valmis oma digioskusi parandama."
text14,Vahemere Liidu konverentsil fookuses digipööre ja tuleviku digioskuste edendamine
text15,"Konverentsile kogunes 50 osalejat Euroopa ja Vahemere piirkonnast, kelle hulgas oli valitsusametnikke, erasektori esindajaid, ettevõtjaid, teadlasi ja teiste sidusrühmade esindajaid, et arutada mitmeid teemasid, nagu e-valitsemine, e-teenused, digimajandus ja digioskused."
text16,President Ilves tudengitele: inimeste digitaalne kirjaoskus on möödapääsmatu
text17,"“Kui digimaailm kolib üha enam nn pärismaailma või, täpsemalt öeldes, kui pärismaailm muutub digitaalseks, on iseenesestmõistetav, et kõik inimesed peavad omandama digitaalse kirjaoskuse,” ütles president Toomas Hendrik Ilves Tallinna Tehnikaülikooli aulas peetud avalikus loengus, kus ta analüüsis meie igapäevaelu paratamatut ja aina kiiremini kasvavat sõltuvust digimaailmast."
text18,Paananen: ka keskealistele töötajatele tuleks anda IKT oskused
text19,Skype Eesti endise juhi sõnul tuleks ka juba keskealistele töötajatele anda IKT oskused. 
text20,"“Me saame anda täiendavad IKT oskused, logistikutele, keeletehnoloogidele, kellele iganes,” ütles Paananen, kelle sõnul oleks just elukestev õpe üheks võtmesõnaks Eesti majanduse edendamisel ning rahvusvahelises konkurentsis hoidmisel."
text21,Kampaania eesmärk on tõsta kodanike teadlikkust tööalaste e-oskuste täiendamise vajadusest. 
text22,"Kampaania algatamise põhjuseks on üha kasvav nõudlus IKT (info- ja kommunikatsioonitehnoloogia) oskustega töötajate järele, mis on rahuldamata vaatamata kõrgele töötuse tasemele Euroopas. "
text23,"Kampaania näol on tegemist üleeuroopalise, mitut huvirühma liitva partnerlusega, mille eesmärgiks on vähendada puudujääki Euroopa elanike IKT-alastes oskustes ning aidata rakendada IKT potentsiaali tööhõive kujundamisel."
text24,"Kampaania põhirõhk on teadlikkuse tõstmisel haridusest, väljaõppest, töökohtadest ning teistest võimalustest, mis on kättesaadavad e-oskustega inimestele – inimestele, kes teavad, kuidas digitaaltehnoloogiat tõhusalt kasutada."
text25,"E-oskused on vajalikud väikeste või keskmise suurusega ettevõtete töötajatele, noortele inimestele ning tööturule siseneda soovivatele töötutele. Samuti on e-oskused üliolulised ettevõtetele, mis vajavad kõrgetasemelist tööjõudu. Kuna Euroopa võitleb pikaajalise majanduslangusega, on e-oskused majanduse jaluleaitamisel olulisemad kui kunagi varem. Heade e-oskustega inimesed mängivad keskset rolli uuendusliku ning konkurentsivõimelise Euroopa kujundamisel."
text26,Mida saame ühiselt teha IKT oskuste arendamiseks Eestis?
text27,"PIAAC-i uuring „Täiskasvanute oskused Eestis ja maailmas“, mis avaldati 8. oktoobril, toob selgelt esile vajaduse suurendada Eestis infotöötluse mahukate töökohtade arvu ja tõsta meie elanikkonna professionaalseid IKT oskusi."
text28,"Kui me teame, et valdav osa Eesti elanikkonnast kasutab pidevalt igapäevaseid e-teenuseid (Internetipank, tuludeklaratsiooni esitamine, jne) vaatamata sellele, et suurel osal inimestest puuduvad kõrgemad IKT-ga seonduvad probleemilahendusoskused, siis on see kinnituseks: meie e-teenused on mugavad ja kasutajasõbalikud. "
text29,"On ilmselge, et nõudmised töötajate oskustele kasvavad kiiresti. Palju sellest, mis viis aastat tagasi oli IT spetsialistide mängumaa, on täna vajalik kõigile arvutiga töötajatele. Vastavaid oskusi tuleb sihipäraselt õpetada nii noortele kui täiskasvanuile selleks, et olla edukas riikide konkurentsis."
text30,Vajalik on sihipärane IKT oskuste õpetamine ja hindamine alates põhikoolist. 
text31,"Tööstussektori juht, saada töötaja tasuta digioskuste koolitusele"
text32,"Majandus- ja kommunikatsiooniministeerium (MKM) viib Euroopa Sotsiaalfondi 2014–2020 toel ellu toetusskeemi „Digitaalse kirjaoskuse suurendamine“, mille käigus viiakse tuhandetele tööstussektori töötajale läbi tasuta koolitused digioskuste parandamiseks."
text33,Lähtuvalt antud eesmärgist tellis MKM digitaalse kirjaoskuse baaskoolituse tööstussektori töötajatele ning IKT-oskuste vajalikkust põhjendavad teadlikkuse tõstmise tegevused ettevõtete juhtidele – projekti nimi on DigiABC ja projekt viiakse ellu perioodil 2017-2020.
text34,Digioskuste puudumine takistab arengut
text35,Töötajate digitaalse kirjaoskuse puudumine on takistuseks tööalases arengus.
text36,"Üks sektor, kus digitaalne kirjaoskus võiks suurimat mõju avaldada, on just  töötlev tööstus. "
text37,TASUTA koolitusprogramm digioskuste arendamiseks
text38,"Google pakub koostöös Majandus- ja kommunikatsiooniministeeriumi (MKM), Ettevõtluse Arendamise Sihtasutuse (EAS) ja Maakondlike Arenduskeskustega kõigile huvilistele tasuta koolitusi, et suurendada nende teadmisi näiteks veebilehe või -poe arendamisest, digimaailmas nähtavuse tõstmisest, sotsiaalmeedia turundusest, digistrateegiate koostamisest ja paljust muust."
text39,"Lisaks annetab Google Eesti Ametiühingute Keskliidule 150 000 dollarit ehk umbes 125 000 eurot, et tõsta spetsiifilisemalt 1000 madalapalgalise töötaja digioskusi."
text40,Virtuaalne tööandjate teabepäev koolitustoetuse kohta töötajate IKT alaste oskuste arendamiseks
text41,Käesolevast aastast saab töötukassalt taotleda koolitustoetust töötajate informatsiooni- ja kommunikatsioonitehnoloogia (IKT) alaste oskuste arendamiseks. 
text42,"Kutsekojal valmis uuring, mis annab ülevaate, milliste digioskuste järele erinevates majandusvaldkondades vajadus kasvab ja milliseid IKT oskusi tasub töötajatele õpetada. "
text43,"Võib oletada, et peamiseks põhjuseks on väikeettevõtjate (eriti mikroettevõtjate) väiksem haldussuutlikus ning vajalike kompetentside puudumine (muuhulgas puudub paljudel mikroettevõtjatel piisav arvutikasutamise oskus ja/või piisavad vahendid ettevõttevälise teenuse sisseostmiseks)."
text44,Äriandmete analüüsi oskusi saab omandada kursusel “Äri- ja andmeanalüüs”
text45,Uuring kinnitab meie noorte tipptasemel oskusi funktsionaalses lugemisoskuses ja matemaatilises kirjaoskuses. 
text46,Suure pildi nägemises ja muutuse elluviimisel on inimesel jätkuvalt juhtroll ning sellele tänavu keskendumegi.
text47,"Veel rõhutab RIA kahte asja. Esiteks soovitatakse ettevõtetel hinnata, milliseid dokumente üldse on vaja üle tembeldada ning kas kinnitada dokumente templiga ühe- või sajakaupa."
text48,"Aga ka käsu koostamise ja andmise oskus on tsiviilelus kasulik, sest tegu on konkreetse juhisega ülesande lahendamiseks ning selle andmisega kaasneb ka enesekindlus ja usk sellesse, et ülesanne saab lahendatud."
text49,"Sealjuures on oluline osata enda õpikogemusi mõtestada, mida väärtuslikku saadi ja kuidas seda rakendada."
text50,"Lisaks erialasele professionaalsusele toodi kandidaatide juures välja ka rida isikuomadusi, mis on olulised hea tulemuse saavutamiseks - süsteemne tegevus, eesmärgile pühendumine, põhjalikkus, hea suhtlemisoskus, operatiivsus, innovatiivsus, soov end pidevalt erialaselt täiendada”, lausus Ehitusinseneride Liidu tegevdirektor Tiia Ruben."
text51,"Levinud on müüt, et IT-sektoris töötamiseks on vaja väga head matemaatikaoskust. "
text52,"„Kõrgharidus on läinud liiga „pehmeks“ ja kui matemaatikat ei õpita, siis inseneriks ei saada.“ Veskimägi rääkis ka võõrtööliste värbamise kitsaskohtadest nii riiklikul kui ettevõtte tasandil."
text53,"Personali hulgas korraldati küsitlus, millest muu hulgas selgus, et suurenenud oli arusaamine ettevõtte eesmärkidest, stressiga toime tulemise oskus ja soov panustada raskemate probleemide lahendamisse."
text54,"Tegelikult on märksa olulisem probleemi lahendamise oskus ja tahe õppida, aga ka julgus eksperimenteerida ja eksida. "
text55,"Tema tugevusteks on koostööle orienteeritus, uuendusmeelsus ning oskus lahendada probleeme kõigile osapooltele sobivalt."
text56,Töökohtades võib kujundada n-ö õpipesasid ja korraldada virtuaalseid õpiringe või juhendatud probleemi lahendamise arutelusid.
text57,TEPP koostööplatvorm ilmestab hästi Eesti kerksust ning oskust vastata kriisidele ja väljakutsetele uuenduslike lahendustega. 
text58,"EY Aasta Ettevõtja konkursi patroon president Alar Karis lausus oma videotervituses, et Eesti ettevõtjad on vastupidavad ja sihikindlad, kes oskavad näha ja kasutada uusi võimalusi ka seal, kus teised käega löövad."
text59,"näidata, et kolmikpöörde kriitiline eeldus on juhtimise kvaliteet ja muutuse juhtimise oskus;"
text60,"Meeskonnaliikmed arendavad oma teadmisi järgmistes ärivaldkondades:
Turundus- ja müügijuhtimine
Ostu- ja logistika juhtimine
Tootmise- ja kvaliteedijuhtimine
Finantsjuhtimine
Personalijuhtimine"
text61,"Oskuse luua selge ja kaasav strateegia, saavutada inimeste pühendumus, et viia ellu püstitatud eesmärgid ning juhtida muutusi."
text62,"Meil on hea meel teada anda, et EAS pakub koos Majandus- ja Kommunikatsiooniministeerumiga sellel kevadel teile personaalseid koolitusi oma organisatsiooni turundusvõimekuste ja kommunikatsioonioskuste arendamiseks.  "
text63,Turunduskoolituse eesmärk on anda osalejatele edasi praktilisi oskusi ja nippe oma organisatsiooni turundustegevuste elluviimiseks (kas turundustegevusi ise tehes või olles tark tellija).
text64,"Tasub tuua esile oma toote eelised ja faktorid, miks see eristub turul olevatest toodetest."
text65,"Suhtles aktiivselt, leidis õige Prantsuse esindaja, panustas ja panustab endiselt sotsiaalmeediasse, toodete degustatsioonidesse, erinevatesse võimalustesse tooteid esile tõsta."
text66,"Ei tasu unustada, et poeketti saamine on vaid esimene etapp, seejärel tuleb sama intensiivselt panustada sellesse, et toode riiulitel püsiks."
text67,"Facebookil on nüüd Eestis oma esindaja, kes kutsus EVEAd Facebookiga koostööd tegema, et aidata väikeettevõtjatel parandada oma digiturunduse ja e-kauplemise oskusi sotsiaalmeedias."
text68,"Ära jäta kasutamata võimalust omandada oskused, kuidas arendada oma äri veebis!"
text69,"Kommunikatsioonikoolitus on mõeldud neile, kelle tööülesannete hulka kuulub organisatsiooni tegevuste, saavutuste, eesmärkide jne osas info suuremale avalikkusele edastamine."
text70,"Ühest küljest on oluline oma valdkonda tunda ja teisalt peaks seda sisu suutma ka oma õpilastele nii edasi anda, et nad nende teadmiste ja oskustega töökeskkonnas toime tuleks."
text71,"Aktiivse ja innuka uuendajana lööb tema silm kohe särama, kui on võimalik lastele millegi uue õpetamisel kasutada uudseid meetodeid ja vahendeid."
text72,"Kutseõppe juhid peavad suutma kutseõpetajaid motiveerida pikaajaliselt, korraldama töö nii, et anda aega pidevaks enesearenguks ja täiendamiseks ning proovida minimaliseerida läbipõlemist."
text73,Meeskondade juhtimine nõuab sootuks teistmoodi oskusi kui produktiivsuse kasvatamine ja tootmisliini timmimine. 
text74,"Kui varem sooviti kedagi, kes ütleb, kuidas tuleb teha ja kui mitu korda, siis nüüd eelistatakse neid juhte, kes lasevad endal mõelda ja samas toetavad töötajaid (põhimõte coach vs. Boss). "
text75,Tulemuslik meeskonnajuhtimine kaugtööl
text76,"Veebiseminaril räägib Indrek Maripuu, kuidas efektiivselt juhtida sõltumata sellest, kus meeskonnaliikmed tööd teevad."
text77,"Kõige suurem proovikivi on järelkasvu tagamine nii, et inimesed, kes jätkavad organisatsioonis pärast sind, on tunduvalt paremad või vähemalt sama head, et tagada organisatsiooni areng ja püsimajäämine. Sellega on seotud ka oma meeskonna eest hoolitsemine."
text78,"Kindlasti juhtimiskogemused ja -oskused, sest me koolitame suurest osast noortest juhte."
text79,"Võtmesõnad on märkamine ja töötajaga suhtlemine, seda nii igapäevatöös kui ka juhina regulaarselt selleks aega võttes."
text80,"Päeva tulemusena arendate:
Meeskonnatööd
Strateegilist mõtlemist
Juhtimisoskust
Otsustusoskus"
text81,"Kui küsida juhtidelt, kuidas motiveerida töötajaid, siis kõige rohkem vastatakse, et tuleb palka juurde panna. "
text82,Tegelikult on meie töö ikkagi suures osas seotud läbirääkimiste ja koostööga ning seda me ka õpetame. 
text83,Marje on innustanud õpilasi läbi viima erinevaid koostööprojekte.
text84,"5 kauneima Eesti lasteraamatu žürii esinaine Anu Kalm rõõmustab ilusate lasteraamatute rohkuse üle ning nendib, et nutiajastul on üha olulisem visuaalne kirjaoskus, oskus valida sobivat kirjatüüpi ning kõike tervikuks kokku panna."
text85,"Võistlused kestavad mitu päeva ning igal võistlusalal hinnatakse nii tehnilist sooritust, meeskonnatööd kui ka suhtlemist ja oskust töötada projektidega."
text86,"Diana ütles, et ettevõtted võiksid rohkem teha koostööd. Näiteks klientide koos teenindamine ja selles ühisosa leidmine võiks olla mõlemale poolele kasulik."
text87,"Äri tehakse inimeste vahel. Naiste tugevuseks on sotsiaalsed oskused, mis tulevad ärimaailmas alati kasuks."
text88,"Me anname neile planeerimisoskuse, grupidünaamikast arusaamise ja veel väga palju teoreetilisi teadmisi."
text89,"Kolmandaks oskavad nad kollektiivis toime tulla ja on orienteeritud meeskonnatööle, et täita ühist eesmärki."
text90,"Meie noored oskavad üksteisega paremini arvestada ja stressirohketes olukordades toime tulla nii, et meeskond jätkab efektiivset tegutsemist."
text91,"Võttes arvesse logistikasektori ettevõtete sidusust äriprotsesside läbiviimisel tarneahelas, samuti paralleelsete tarneahelate olemasolu, on koostöö kaudu võimalik luua märgatavat ressursside kokkuhoidu ning tõsta efektiivsust."
text92,Varasemate projektide käigus on saavutatud oskused koostööks ning suudetud kaardistada olulisemad ning tulemuslikumad sihtriigid. 
text93,"Ehitame üles koostööd, mitte ei võistle omavahel, sest Euroopas teatakse meie tootjaid Baltikumi nime all,“ rääkis Grikis."
text94,“Parimates meeskondades kuulavad meeskonna liikmed üksteist ning mõistavad teiste tundeid ja vajadusi.”
text95,"Samuti kirjeldatakse, et virtuaalne juht peaks olema hea suhtleja, algatusvõimeline, paindlik ning demonstreerima õppimis- ja muutumisvõimet."
text96,"Tundsin, et pean muutuma paremaks inimestega suhtlemises, ja saada sellises koguses kogemust ühe suvega tundus hea plaan. "
text97,"Eestlasele on kontaktide leidmine ja suhtlemine üritustel keeruline ülesanne, kuid kõik networkingu põhitõed on õpitavad."
text98,"See on oskus olla teadlik end mõjutavatest emotsioonidest, võime seda teadmist kasutada arusaadavalt ning mõistlikult nii eneseväljendamisel kui ka suhetes teistega. "
text99,"Nüüd soovitakse selle asemel saada pidevat tagasisidet jutuajamiste, mitte nõrkuste analüüsi teel. "
text100,"Paljud ettevõtted on võtnud aluseks coaching conversations’i põhimõtted, mis keskenduvad eesmärkidele ja töötajate võimestamisele."
text101,"Töötaja võib näiteks ise märku anda, et praeguses rollis on lagi käes ja vaja oleks karjäärisihid üle vaadata. Või on tunda süvenevat rahulolematust, kuid puudub selgus, mida saaks teisiti teha. Siin saavad abiks olla ka väljastpoolt organisatsiooni kaasatud karjäärinõustajad ja coach’id."
text102,"International Coaching Federation toob välja järgmised erinevused: kui team building tegeleb põhiliselt suhete arendamisega ja treening uute oskuste omandamisega, siis team coaching arendab eesmärkide saavutamise oskusi ja meeskonna jätkusuutlikkust."
text103,Mitmekülgne ja ennastjuhtiv töötaja on väärtus igale organisatsioonile ning arengu toetamine oluline osa töötaja karjääriteekonna kujundamisest.
text104,"Tisleritööd iseloomustab pigem iseseisev tegutsemine, mis nõuab oskust oma tegevust kavandada ja suurt enesedistsipliini."
text105,Karin Künnapas: julgust asju ette võtta ei tasu alahinnata.
text106,"Tegemist on inimesega, kes on avatud muutustele nii koolis kui ka iseendas, alati valmis uuteks väljakutseteks ning leiab võimaluse ka kõige keerulisemate ideede elluviimiseks. "
text107,"„Faktiteadmiste kõrval on üha olulisem õppimise vorm ning oskus erinevates olukordades hakkama saada,“ ütles Laidmets."
text108,"72% juhtidest tõi kõige tähtsama tegurina välja oma töötajate kohanemisvõime, valmisoleku uusi oskusi omandada ja liikuda uude tööalasesse rolli. "
text109,"Sagedased muutused tööelus tähendavad ka valmisolekut töö käigus pidevalt uusi oskusi ja teadmisi omandada ning arengueesmärke seada, et suurendada nn karjääri kohanemisvõimet."
text110,"On leitud, et kõige enam suurendab töötaja karjääri kohanemisvõimet oskus vastavalt vajadusele kasutada erinevaid enda arendamise viise. Näiteks kogenumatelt kolleegidelt tagasisidet küsides, iseseisvalt infot juurde otsides, võimaluste avanedes täiendus- ja ümberõppes osaledes."
text111,Ameerika on oma müügioskustelt Euroopast väga palju ees. 
text112,"Palju on juttu sellest, et eestlased pole head müügimehed ning meie müügioskused jätavad pehmelt öeldes soovida"
text113,Müügitöö on ühelt poolt töökus ja teiselt poolt oskus. 
text114,"Müümine on oskus ning maailmas on väga vähe ettevõtteid, mille kogemustepagas selles valdkonnas on suurem kui Southwesternil."
text115,"Vaatame seminaril otsa esinemishirmu tekkemehhanismidele ja viisidele, kuidas lühikeses ja pikas perspektiivis ärevusega paremini toime tulla."
text116,"Samuti vaatame, milline on hea avalik esinemine ja kuidas oma esinemisoskust parandada."
text117,"Kui soovid oma avaliku esinemise oskusi parandada ning esinemisärevuse seljatada, on seminar sulle heaks sissejuhatuseks teema ettevõtmisel."
text118,"Töötoas saad teada, kuidas tunda ennast networkingu käigus enesekindlana ning leida sobivaid kontakte."
text119,"Töötoa turvalises keskkonnas õpid looma tugevaid ja väärtuslikke võrgustikke ning lisaks saad teada, milliseid vigu networkimisel vältida."
text120,Tule arenda ennast ning koos sellega oma ettevõtlust - välisturgudele minekul tuleb networkingu oskus ainult kasuks.
text121,Kokkulepped paljude piirkonna ettevõtetega parktikabaasideks olemiseks ja arvukad külalisõpetajad erinevatelt elualadelt kinnitavad õpetaja oskust luua toimivaid koostöösuhteid eelkõige õpilaste arengueesmärke silmas pidades. 
text122,Suurepärane planeerimisoskus ja teiste soovidega arvestamine on teinud temast kõrgelt hinnatud noorte ja haridusasutustega suhtleja.
text123,"Kuidas püstitada meeskonnaga eesmärke nii, et see toetab nende saavutamist sõltumata asukohast?"
text124,Tähelepanu väärib tema oskus leida rahvusvahelise ambitsiooniga ideedele erinevate projektide kaudu rahastus.
text125,"Teiseks on mõistlik luua just oma ettevõttele sobiv ajatemplite kasutamise lahendus, sest tembeldamine ei ole ühekordne ja see vajadus tekib järgnevate dokumentide suhtes ka tulevikus."
text126,"Ent tulevikus muutub edukaks saamisel järjest olulisemaks ka kaugemale ja enda kõrvale nägemine, tulevikusignaalide tajumine ja sellega arvestamise oskus,” ütles president Kersti Kaljulaid."
text127,"Üks külg on kindlasti hanketegevused. Eesti ettevõtjad tagavad meile suure osa vajalikust materjalist, alates toidust sööklas kuni kasarmute ehituseni. "
text128,"Kõige suurem ja tähtsam osa on koostöö seoses reservväega, sest me tahame ettevõtjatelt erinevates olukordades saada inimressurssi."
text129,"Seda enam, et kui peaks tekkima reaalne olukord, kus reservvägi tuleb kokku kutsuda üleöö ja teadmata perioodiks, siis normaalne elu ning ka äritegevus saavad tugevalt häiritud, kuid selle vältimiseks me saame juba praegu plaani pidada ja võimalikke riske maandada."
text130,"Oluline on tähelepanu pöörata teeninduskultuurile, sest mitte alati ei ole Keeleametile laekunud kaebuse peamiseks põhjuseks keeleoskuse puudumine, vaid teeninduskultuuri puudumine."
text131,"Kõik töökollektiivid, kuhu asub tööle Ukraina sõjapõgenikke, võiksid neid toetada eesti keele õppimisel."
text132,"Kui aga aja möödudes selgub, et sõjapõgenikust töötajal tuleb jääda Eestisse pikemaks ajaks, näiteks mitmeks aastaks, ootame ka tööandjalt initsiatiivi, et tagada et nende töötajate nõutaval tasemel eesti keele oskus."
text133,"Meeskond FictionFeel on näidanud üles sihikindlust idee arendamisel ja elluviimisel, tulnud pühendunud meeskonnana hästi toime alustava ettevõtja väljakutsetega ja kasutanud oskuslikult lisaks STARTER programmile kogu start-up ökosüsteemi võimalusi idee arendamisel ning teadmiste ja kogemuste omandamisel."
text134,"Marje Vaan on Pärnu Vanalinna Põhikooli huvijuht, kes innovaatilise ja ettevõtliku õpetajana on   ettevõtlusõppe oskuslikult lõiminud erinevate õppeainetega. Marje on loonud koolis süsteemi õpilaste ettevõtlikkuse arendamiseks ja ettevõtlusõppe juurutamiseks. Ta teeb koostööd erinevate partneritega väljapool kooli ning nõustab ja toetab kolleege ettevõtlusõppe lõimimisel ainetundidesse."
text135,"Modernworkplacelearning.com-i küsitluse järgi on töötajate kõige eelistatumad viisid õppida igapäevase töö käigus, kolleegidega kogemuste jagamine (peer learning), ise veebist teadmisi kogudes, aga ka juhi tagasiside ja juhendamine."
text136,"Metsanduse juhtide ja tippspetsialistide, sh ostu- ja müügijuhtide olulisteks erialasteks oskusteks ja teadmisteks on laiaulatuslikud metsabioloogia ja mullastikualased teadmised, metsaressursi pikaajalise strateegilise planeerimise oskus ja kontseptuaalne mõtlemisoskus. Neil on võime käsitleda metsa majandamist ühe osana majandusest ja ettevõtlusest ning näha ja planeerida kaugele ette, sest metsanduses ei toimu protsessid ühe inimpõlve jooksul."
text137,"Metsanduse juhtidel ja tippspetsialistidel jääb praegu enim puudu oskusest näha metsamajandamist ja puidutööstust ühe osana kogu majandusest ja ettevõtlusest, probleemilahendamise oskusest, ideede genereerimise ning inimeste juhtimise oskusest."
text138,"Samuti on puudu ruumilise ja strateegilise planeerimise võimekusest, kontseptuaalsest mõtlemisoskusest ning finantsnäitajate lugemise oskusest."
text139,"Nende kasvava tähtsusega üldiseks oskuseks on strateegilise planeerimise oskus, kontseptuaalne mõtlemisoskus, suhtlemisoskus ja valdkondlike õigusaktide tundmine ning IKT-lahenduste rakendamine. "
text140,"Üldistest oskustest jääb puudu analüütilise mõtlemise võimest, algteadmistest ruumilise planeerimise kohta ja kontseptuaalsest mõtlemisoskusest."
text141,"Puidu- või mööblitööstuse juhtide kasvava tähtsusega erialasteks oskusteks on valdkonnaspetsiifilise ettevõtluse hea tundmine, pikaajaline planeerimine, tööstuse tootmisprotsessi tundmine ja selle töö korraldamine tootmises algusest lõpuni."
text142,"Kasvava tähtsusega üldisteks oskusteks on analüüsivõime , läbirääkimise ja veenmise oskus, sihikindlus , eesmärkide seadmine, probleemilahendamise, meeskonnatöö ja koostööoskus ning oskus tellida ja rakendada valdkonnaspetsiifilisi IKT-lahendusi."
text143,"Puitkonstruktsioonide projekteerijate kasvava tähtsusega erialasteks oskusteks ja teadmisteks on toodete, sh puitmajade projekteerimise eripärade tundmine, puitmaterjali eripärade ja materjalitehnoloogia tundmine, tööprotsesside tundmine, jooniste koostamine ja konstrueerimine, jooniste lugemise oskus nii käsitsi kui arvutil, CNC töötlemiskeskustele programmide koostamine, toodete projekteerimine, joonestamise ja projekteerimistarkvaraga töötamine, sh targa tellija kompetents – milline tarkvara, milliseks lahenduseks ja milliste tingimustega sobib, millised kulutused on efektiivsed  ning millist infot süsteemist koguda tasub."
text144,"Tootearendajate kasvava tähtsusega erialasteks oskusteks ja teadmisteks on puitmaterjali eripärade ja materjalitehnoloogia tundmine, tootmistehnoloogia tundmine, joonestamine ja projekteerimine, sh CAD-CAM-i, MathCAD-i ja 3D projekteerimine."
text145,"Nende kasvava tähtsusega üldisteks oskusteks ja hoiakuteks on analüüsivõime, ruumiline mõtlemine, planeerimise oskus, finantside lugemisoskus ja eelarvestamine , ajajuhtimine, suhtlemisoskus ja töötamine inimestega ning kirjutamine ja raporteerimine."
text146,"Tehnoloogi, sh mööblitoodete tehnoloogi kasvava tähtsusega erialasteks oskusteks ja teadmisteks on oma valdkonna toodete tootearenduse tehniliste eripärade tundmine, puitmaterjali eripärade ja materjalitehnoloogia tundmine, tööprotsesside tundmine, jooniste koostamine ja konstrueerimine, jooniste lugemise oskus nii käsitsi kui arvutil  ning joonestamise ja projekteerimistarkvaraga töötamine."
text147,"Tehnik-joonestajate kasvava tähtsusega erialasteks oskusteks ja teadmisteks on toodete, sh puitmajade projekteerimise eripärade tundmine, puitmaterjali eripärade ja materjalitehnoloogia tundmine, tööprotsesside tundmine, jooniste koostamine ja konstrueerimine, jooniste lugemise oskus (nii käsitsi kui arvutil joonistatud ) ning joonestamise ja projekteerimistarkvaraga töötamine."
text148,Pehme mööbli valmistajatel on puudu tööstuses uue pehme mööbli või selle osade koostamisega seotud käelistest oskustest   ja oma osa mõistmisest tootmise tervikprotsessis.
text149,"Olulised on teadmised puidukuivatamisest, aspiratsioonist, arusaamine detailide ja toodete valmistamise ja viimistlemise tsüklist ning mõistmine, mida tehti enne, kui detail või toode viimistlusse läheb."
text150,"Vajaka jääb ka materjalide tundmisest  ja materjalide säästlikust kasutamisest, teadmistest puidukuivatamisest ja aspiratsioonist, arusaamisest detailide ja toodete valmistamise ja viimistlemise tsüklist, mõistmisest, mida tehti enne, kui detail või toode viimistlusse läheb."
text151,"Puitdetailide viimistlejate kasvava tähtsusega erialasteks oskusteks ja teadmisteks on materjalide tundmine  ja säästlikult kasutamine, puidukuivatamine, aspiratsioon, arusaamine detailide ja toodete valmistamise ja viimistlemise tsüklist ning detailidele ja toodetele esitatavatest kvaliteedinõuetest, mõistmine, mida tehti enne, kui detail või toode viimistlusse läheb."
text152,"Puidupingioperaatoritel jääb puudu teadmistest tootmisprotsessidest ja nende juhtimisest, materjalide ja toodete tundmisest, selle kohta, milline puit sobib milliseks tooteks  ning kuidas seda kõige efektiivsemalt saada."
text153,"Puitplaatide tootmise, vineeri töötlemisega ja saematerjalide tootmisega seotud liinioperaatoritel jääb puudu teadmistest tootmisprotsessidest ja nende juhtimise, materjalide  ja toodete tundmisest, selle kohta, milline puit sobib milliseks tooteks ja kuidas seda kõige efektiivsemalt saada."
text154,"Lisaks headele metsamajanduslikele teadmistele on olulised teadmised puidu omadustest, toodetest ning nende turustamisest, aga ka logistika põhimõtete tundmine ja ladude  ning teede planeerimise oskus."
text155,"Müügi- ja ostujuhtidel on eriti tähtsal kohal üldised oskused ja teadmised. Kasvava tähtsusega üldisteks oskusteks on võõrkeelte valdamine, riskide juhtimine, logistika põhimõtete tundmine ja strateegiline ladude planeerimise oskus, meeskonnatöö oskus ning järjest kasvav valdkonnaspetsiifiliste IKT-lahenduste tellimise  ja rakendamise oskus."
text156,"Üldistest teadmistest, oskustest ja hoiakutest jätavad soovida kohuse ja vastutustunne ja erialaste IKT-lahenduste kasutamine  –programmide kirjutamise oskus  (programmeerimine), teadmised matemaatikast, läbirääkimiste oskus ja ettevõtlikkus."
text157,Üldistest oskustest ja hoiakutest on kasva tähtsusega IKT-lahenduste kasutamine ja rutiinitaluvus.
text158,"Kasvavateks üldisteks oskusteks on protsesside, ressursside, riskide ja inimeste juhtimise oskus, läbirääkimise oskus, sihikindlus ja eesmärkide seadmine, meeskonnatöö oskus, keelte valdamine ning oskus tellida ja rakendada valdkonnaspetsiifilisi IKT-lahendusi. "
text159,"Üldistest oskustest ja hoiakutest on puudu teadmistest töö efektiivsemaks muutmise võimalustest, materjali efektiivsest kasutamisest, planeerimise oskusest ja ajajuhtimisest, suhtlemisoskusest, meeskonnatöö organiseerimisest ning tööohutusest ja töötervishoidust ning isikukaitsevahendite kasutamisest."
text160,Vähesed on oskused puiduvarumise korraldamise ja puidu mahu mõõtmise osas.
text161,"Nende kasvava tähtsusega üldisteks oskusteks, teadmisteks ja hoiakuteks on meeskonnatöö oskus."
text162,"Kasvava tähtsusega üldisteks oskusteks, teadmisteks ja hoiakuteks on meeskonnatöö oskus."
text163,"Ta töötab meeskonna liikmena, jälgib tööprotsessist kinnipidamist, tootlikkust, hoiab toodangu kvaliteeti ning järgib töö- ja keskkonnaohutuse nõudeid."
text164,Puidu- ja mööblitööstuse müügi- ja ostujuhtidel jääb puudu eksportturgude kultuuri tundmisest ja vahetust suhtlemisoskusest välisturgudel. Täiendamist vajavad valdkonnaspetsiifiliste IKT-lahenduste tellimise ja rakendamise oskus ning selge ja korrektne eesti keel.
text165,"Puidu- ja mööblitööstuse juhtidel jääb puudu ettevõtlust ja juhtimist puudutavatest oskustest, probleemilahendamise oskusest, finantsnäitajate lugemise oskusest ja ideede genereerimise võimest  koos elluviimise oskusega."
text166,"Forvarderioperaatori kasvava tähtsusega erialasteks oskusteks on oskus forvarderiga ergonoomiliselt sõita ja töötada hüdrotõstukiga, hinnata laaditud ja ladustatud puidu kogust ning tunda puidurikkeid, vedada bioenergeetika toorainet, mis on veidi erinev tavapärasest ümarpuidu kokkuveost, hooldada masinat igapäevaselt ning sooritada töövõtteid ohutult ja turvaliselt."
text167,"Forvarderioperaatoritel jääb puudu elektriskeemi lugemise oskustest juhtmekatkestuste välja selgitamiseks, sortimentide ja puidurikete tundmisest, koormasse laaditud puidu mahu hindamise ja virnatäiuse koefitsiendi määramise oskusest ning väiksemate remonttööde tegemiseks masina mehhaanika tundmisest, aga ka efektiivsete ja ergonoomiliste töövõtete ning IKT-lahenduste rakendamisest (vanema põlvkonna töötajatel)."
text168,"Puudu jääb koormasse laaditud puidu mahu hindamise  ja virnatäiuse koefitsiendi määramise oskusest, puidurikete tundmisest, IKT-lahenduste (nutikad pardaarvutid, e-veoselehed, navigeerimine ehk oskus sõita koordinaatide järgi)  ning efektiivsete ja ergonoomiliste töövõtete rakendamisest."
text169,"Arboristi kasvava tähtsusega erialasteks oskusteks ja teadmisteks on tööohutus ja -turvalisus, ökoloogia ja diagnostika, töötamine tõstukitelt ja tööplatvormidelt , võsa- ja kettsaega töötamine ja saele esmase hoolduse tegemine. Suureneb nutiseadmete ja IKT-lahenduste kasutamine."
text170,Suureneb nutiseadmete ja IKT-lahenduste kasutamine.
text171,"Harvesterioperaatoritel jääb puudu elektriskeemi lugemise oskustest juhtmekatkestuste välja selgitamiseks, sortimentide ja puidurikete tundmisest, kalibreerimise ja järkamisfaili koostamise oskusest, väiksemate remonttööde tegemiseks masina mehhaanika tundmisest ja rikete tuvastamise oskusest, IKT-lahenduste (eriti vanema põlvkonna töötajatel) ning efektiivsete ja ergonoomiliste töövõtete rakendamisest."
text172,"Metsaveo ja puiduhakkuri veokijuhtide kasvava tähtsusega oskusteks on hüdrotõstukiga töötamine, oskus tagurdada kitsal metsateel, puidu sortimentide ja puidurikete tundmine, IKT-lahenduste rakendamine (nutikad pardaarvutid, e-veoselehed, navigeerimine ehk sõitmine koordinaatide järgi) ja võime sooritada töövõtteid ohutult, turvaliselt ning ergonoomiliselt. "
text173,"Olulised on teadmised tugevusarvutustest ja matemaatikast, mehhanismidest, tööstustehnoloogiast, erialastest IKT-lahendustest — raalprojekteerimise ja muu tarkvara, sh majandustarkvara kasutamise oskus, CNC töötlemiskeskustele programmide koostamine ja targa tellija kompetents ehk teadmised selle kohta, milline tarkvara, milliseks lahenduseks ja milliste tingimustega sobib, samuti millised kulutused on efektiivsed ning millist infot süsteemist koguda tasub."
text174,Puudu jääb jooniste koostamise ja konstrueerimise  ning joonestamise ja projekteerimistarkvaraga töötamise oskusest.
text175,"Tootmisseadmete tehnikute kasvava tähtsusega erialasteks oskusteks ja teadmisteks on tootmismasinate, -protsesside, -automaatika, -süsteemide, -liinide ja robotite seadistamine, töös hoidmine, hooldamine ja programmeerimine, lõikeriistade teritustehnoloogiate tundmine, elektrivoolu jooniste lugemise oskus, erialaste IKT-lahenduste kasutamine, sh programmide ja masinatega seotud patenditud seadmete kasutamise reeglite tundmine."
text176,"Raietöölise kasvava tähtsusega erialasteks oskusteks on võsa- ja kettsae kasutamine ning hooldamine, tööohutus ja -turvalisus, sh töö- ja turvavahendite kasutamine ning ergonoomiliste töövõtete kasutamine."
text177,"Harvesterioperaatori kasvava tähtsusega erialasteks oskusteks on võime iseseisvalt valida langetatavad puud, oskus harvesteriga ergonoomiliselt sõita, kalibreerida harvesteri mõõtmissüsteeme, tunda puidurikkeid, ohjata tarka masinat, teha masina igapäevast hooldust, kasutada võsagiljotiini (bioenergeetika seade) ning sooritada töövõtteid ohutult ja turvaliselt."
text178,"Tootmisseadmete tehnikutel jääb puudu tootmismasinate ja -liinide seadistamise, töös hoidmise, hoolduse ja programmeerimise oskusest ning tööohutuse ja töötervishoiu ning isikukaitsevahendite kasutamise reeglite järgimisest."
text179,"Tislerite kasvava tähtsusega erialasteks oskusteks ja teadmisteks on jooniste ja tehnoloogiakaardi lugemise ning koostamise oskus, detailidele ja toodetele esitatavate kvaliteedinõuete tundmine ning materjalide tundmine."
text180,Tisleritel on puudu jooniste ja tehnoloogiakaardi lugemise ning koostamise oskusest ja teadmistest detailidele ja toodetele esitatavatest kvaliteedinõuetest.
text181,Metsaveo ja puiduhakkuri veokijuhtidel on probleemiks kitsal metsateel tagurdamine ja väiksemate remonttööde tegemine.
text182,"Puitkonstruktsioonide püstitajate kasvava tähtsusega erialasteks oskusteks ja teadmisteks on projektdokumentatsiooni lugemise oskus, elementide õigesse konstruktsiooni lõikamise oskus CNC töötlemiskeskusel ning tööriistade-seadmete kasutamise, hooldamise ja remontimise oskus."
text183,"Puitmaja (sh käsitöö palkmaja) ehitaja või tootja kasvava tähtsusega erialasteks oskusteks ja teadmisteks on mootorsae (kettsaag) kasutamise oskus (käsitsi tootjal), projektdokumentatsiooni lugemise oskus ning tööriistade-seadmete kasutamise, hooldamise ja remontimise oskus. "
text184,"Liinioperaatorite kasvava tähtsusega erialasteks oskusteks ja teadmisteks on masinate ja liinide tööpõhimõtete ning tehnoloogiate tundmine, programmide kasutamine, tootmisliinide tootlikkuse tõhustamine, puitmaterjali tundmine."
text185,"Puudu jääb puu bioloogiaga arvestamisest puude hooldusel, teadmistest lõikuse spetsiifilistest viisidest, suurte puude ümberistutamisest, puude sanitaarse seisundi määramisest (mädanike ja nende leviku ulatuse määramine tomograafiga)  kahjurputukate tundmisest."
text186,"Puidupingioperaatori kasvava tähtsusega erialasteks oskusteks ja teadmisteks on puidutöötlemispinkide ja -seadmete ehituse ning tööpõhimõtete tundmine (sh CNC töötlemiskeskused), detailide lõiketöötlemise režiimide ning kasutatavate puit- ja puidupõhiste materjalide ning toodete omaduste ja kvaliteedi tundmine, tööjoonisete lugemise  ja materjalide ökonoomse kasutamise oskus. "
text187,"Raietöölistel jääb puudu noore metsa kasvamise ja kasvatamise teadmistest, ergonoomiliste töövõtete kasutamisest võsasaega töötamisel ja töö kvaliteedi hindamise oskusest."
text188,Üheks peamiseks arendamist vajavaks oskuseks on efektiivsete ja ergonoomiliste töövõtete rakendamine.
text189,Kasvavaks oskuseks on ka efektiivsete ja ergonoomiliste töövõtete omamise oskus.
text190,Ka siin on peamiseks kasvavaks oskuseks efektiivsete ja ergonoomiliste töövõtete omamise oskus.
text191,"Kuigi vaja läheb lihtsamate remonttööde tegemise oskust, on masinate remontimine tulevikus tõenäoliselt eraldi amet, mis tähendab, et masinaoperaatoritel selle oskuse järele vajadus väheneb."
text192,"Kuigi vaja läheb lihtsamate remonttööde tegemise oskust, on masinate remontimine eraldi amet, mis tähendab, et autojuhid ei pea sellega ise nii palju tegelema."
text193,Samas kasvab vajadus osata harvesteri rikkeid tuvastada.
text194,Samas kasvab vajadus osata forvarderi rikkeid tuvastada.
text195,"Üldistest teadmistest, oskustest ja hoiakutest on jätkuvalt olulised teadmised matemaatikast ning kohuse- ja vastutustunne."
text196,Võsalõikaja. Tööülesanded - võsalõikus teeservadest ja muudelt aladelt; - hekkide pügamine; - ohtlike puude langetamine ja koristus; - okste purustamine oksapurustajaga ja/või äravedu; - vajadusel muud haljastustööd
text197,"Nõuded kandidaadile Haridustase põhiharidus Keeleoskus Keel	Kõnes	Kirjas eesti keel - nõutud	B1 - keskmine	A2 – vähene Juhiload B Arvutioskus algtase Muud nõuded - soov ja valmisolek töötada välitingimustes erinevate ilmastikuolude korral (välja arvata laussadu, torm, muud ekstreemsused); - hea tervis ja vastupidavus füüsilisel tööl"
text198,"Kasutab oma töös inglise keelt A1 tasemel, lisa 2 – Keelte oskustasemete kirjeldused."
text199,"Mõistab töövahendite ja masinate juhistes kasutatavaid tähistusi.
Mõistab seadme juhtpaneeli nuppude, lülitite ja märgutulede funktsioone.1) Teeb seadmetele ja/või töövahenditele kasutamiseelse kontrolli. 
2) Käivitab tööseadmed vastavalt kasutusjuhendis toodud järjekorrale. 
3) Valib tööks sobiva juhtprogrammi.Lülitab välja seadmed ja abiseadmed vastavalt kasutusjuhendis toodud järjekorrale, mõistes lülitusjärjekorra kriitilisust.1) Määrab telgede referentspunktid.
2) Lähtestab teljed (nullistamine).
3) Mõistab jõuallika ja abiseadmete funktsioone ja tööpõhimõtteid.Mõistab seadme arvjuhitavate telgede tähistusi ja nende liikumist.
4) Jälgib seadme tööprotsessi ja vajadusel peatab programmi, et korrigeerida masinas parameetreid ja/või materjali paigutust.1) Vajadusel korrigeerib lõikeparameetreid, mõistes erinevate lõikeparameetrite mõju lõiketulemusele.
2) Vajadusel muudab võimaluste piires kompensatsiooni väärtusi, saades aru kompensatsiooni mõjust detaili mõõtmetele.
3) Peale lõikeprogrammi lõppemist eemaldab detailid ja jäägid töölaualt.Mõõdab mõõtevahendite abil paindenurkade ja paindeservade väärtusi ning vajadusel korrigeerib neid, mõistes materjalide tagasivetrumise olemust ja korrektsioonide mõju painutuspingi telgede liikumisele."
text200,"Kasutab oma igapäevatöös arvutit infotöötluse ja kommunikatsiooni osas algtasemel kasutaja tasemel, lisa 1 – Digipädevuste enesehindamise skaala.  "
text201, Kasutab ettevõtte infohalduse tarkvara.
text202,"Kontrollib töö- ja mõõteriistade ning isikukaitsevahendite korrasolekut.1) Valib tööülesandele vastava juhtprogrammi, mõistes juhtprogrammi koostamisel kasutatud masinkoodi struktuuri.
2) Hindab juhtprogrammis kasutatud paigutusest (nesting) lähtuvat detailide ja laserpea kokkupõrke ohtu.
3) Paigaldab materjalilehe seadmesse manuaalselt, abiseadmete või seadmega ühendatud automaatse laadimisseadme abil materjali kahjustamata.
4) Paigaldab juhtprogrammis ettenähtud läätse ja düüsi, kontrollib ja vajadusel korrigeerib laserkiire tsentreeringut, mõistes laseri lõikepea seadistuse mõju lõiketulemustele.
5) Kalibreerib z-telje, käivitades vastava kalibreerimisprogrammi, mõistes jälgimisanduri tööpõhimõtet.1) Valib tööülesandele vastava juhtprogrammi, mõistes juhtprogrammi koostamisel kasutatud masinkoodi struktuuri.
2) Hindab juhtprogrammis kasutatud paigutusest (nesting) lähtuvat detailide ja laserpea kokkupõrke ohtu.
3) Paigaldab materjalilehe seadmesse manuaalselt, abiseadmete või seadmega ühendatud automaatse laadimisseadme abil materjali kahjustamata.
4) Paigaldab juhtprogrammis ettenähtud läätse ja düüsi, kontrollib ja vajadusel korrigeerib laserkiire tsentreeringut, mõistes laseri lõikepea seadistuse mõju lõiketulemustele.
5) Kalibreerib z-telje, käivitades vastava kalibreerimisprogrammi, mõistes jälgimisanduri tööpõhimõtet.
1) Koostab juhtpaneelil tööülesandele vastava juhtprogrammi,  kasutades painutusteooria alusteadmiseid (painutusmeetodid, painutusjärjekord, tööriistade määramise põhimõtted vastavalt materjalidele), peab kinni tööriistade tonnaaži piirangutest. 
2) Tuvastab (teeb kindlaks) korrektse pinnalaotuse mõõtmed, mõistes painde mahaarvamisväärtuste (Bend deduction) mõju detaili mõõtmetele.
3) Paigaldab ja tsentreerib juhtprogrammis määratud painutustööriistad, mõistes painutustööriistade ja nende kinnitussüsteemide ohutu käsitlemise aluseid.
4) Seadistab seadme valguskaitse, mõistes valguskaitse kasutamise olulisust ja toimimise põhimõtet."
text203,"1) Mõistab ohutusseadmete tööpõhimõtteid.
2) Seadmetel ja/või töövahenditel puuduste esinemisel teavitab viivitamatult vastutavat isikut."
text204,Saab aru ettevõtte rollist tööstuses.
text205,"1) Peab kinni tähtaegadest ja kokkulepetest.
2) Kasutab aega efektiivselt."
text206,Kasutab võimalusi enesetäiendamiseks.
text207,Osaleb aktiivselt parendusettepanekute tegemisel.
text208,On teadlik oma tegevuse tagajärgedest.
text209,Teeb koostööd kaastöötajatega.  Annab oma panuse ühise tulemuse saavutamiseks. 
text210,Annab konstruktiivset tagasisidet protsessi suutlikkuse kohta.
text211,"Järgib kõikides tööprotsessi etappides ettevõttes kehtestatud ohutusnõudeid (tuletööde eeskirjad, tõsteseadmete kasutus- ja ohutusnõuded ning käsitsi raskuste teisaldamisel kehtestatud nõuded). Järgib kõikides tööprotsessi etappides tööohutuse nõudeid.Järgib kõikides tööprotsessi etappides keskkonnahoiu nõudeid.Järgib kõikides tööprotsessi etappides keskkonnahoiu nõudeid."
text212,Dokumenteerib tehtud kontroll- ja hooldustoimingud
text213,Orienteerub tehnilistes joonistes.
text214,Kontrollib detaili joonisele vastavust mõõtevahendite abil. (Detaili joonisele mittevastavuse korral tegutseb vastavalt ettevõttes kehtestatud reeglitele.)
text215,"Hindab visuaalselt materjali kvaliteeti, vältides defektse või kahjustatud materjali kasutamist."
text216,Valib tööülesandele vastava materjali.Mõistab materjali standardites kasutatavaid tähistusi.
text217,"Ladustab tooteid, töövahendeid vm esemeid manuaalselt."
text218,Valmistab ette tööprotsessist lähtuva ohutu töökoha.
text219,cnc tootmissüsteemid
text220,kiirprototüüpimise
text221,tööstusdisaini
text222,alamsüsteemide käitlemine
text223,intellektuaalse omandi õigus
text224,tööjuhiseid
text225,ohutusnõuded
text226,hangib infotehnoloogilisi vahendeid
text227,cad programm
text228,computer aided engineering
text229,ruumikujutlusvõimet
text230,mõtlemisoskust
text231,LOOGILIST analüütilist mõtlemist
text232,alusteadmised
text233,vormistada
text234,tehniliste jooniste vormistamise
text235,paigaldab alamsüsteeme
text236,paigaldamine
text237,iseseisvalt
text238,meeskonnatöös
text239,hankida teavet
text240,kavandab karjääri
text241,tehniliste jooniste koostamise
text242,koostejoonised
text243,algatusvõime
text244,andmebaas
text245,äriplaan
text246,automatiseerimine
text247,elekter
text248,elektriskeem
text249,elektromehaanika
text250,jootemeetodid
text251,metallitöötlemispingid
text252,poltühendus
text253,kütteautomaatika
text254,liikumisandur
text255,hooneautomaatika
text256,fotoelektriline andur
text257,vastuvool
text258,transistorid
text259,eesti keel
text260,ehitus
text261,eneseväljendusoskus
text262,hooldus
text263,juhendamine
text264,keevitamine
text265,lukksepatööd
text266,matemaatika
text267,mõõtmine
text268,mõõteriistad
text269,mõõtkavad
text270,elektronmõõteriistad
text271,digitaalmõõteriistad
text272,probleemsituatsiooni lahendamine
text273,"Sellesse gruppi kuuluvad valdkondlikes ettevõtetes töötavad müügi-, turundus-, kvaliteedi-, toote-, tarneala-, tootmis-, tsehhi- ja tehnikajuhid. Juhiks saamise eelduseks on ekspertide hinnangul ennekõike sobivad isikuomadused, piisav töökogemus ja erialane (soovitatavalt tehnikaalane) haridus. Juhtival positsioonil edukaks toimetulekuks on lisaks erialasele kompetentsile tarvis ka soovi ja oskust inimesi juhtida. MMT juhtide olulisteks oskusteks ja teadmisteks on laiapõhjalised tehnikaalased teadmised, analüüsioskus, strateegilise planeerimise oskus , protsesside juhtimise oskus, koostöövõime (sh oskus mõista klientide ja koostööpartnerite vajadusi), argumenteerimisoskus, keelteoskus ja kontseptuaalne mõtlemisoskus. "
text274,Oluliseks peeti üleminekut varem tööstuses levinud pigem autoritaarselt juhtimisstiililt nn kaasavale juhtimisstiilile ning uute müügistrateegiate rakendamise oskust.
text275,"MMT juhtidel jääb ekspertide hinnangul enim puudu oskusest protsesse, ressursse  ja inimesi juhtida."
text276,"Kuna üha suurem osa tootmisest on projektipõhine, kus töötajad kuuluvad sageli erinevatesse projektimeeskondadesse või vahetuvad meeskonnaliikmed tihti, siis on järjest vajalikum suhtlemisoskus, meeskonna juhtimise oskus, strateegiline mõtlemine ja keelteoskus."
text277,Seoses kasvava projektipõhise tootmise mahuga on ka oskustöötajatel suurenev vajadus osata olla meeskonnajuht ja uute töötajate juhendaja.
text278,Projektipõhise tootmise mahu kasv eeldab ka oskustöötajatelt oskust olla meeskonnajuht ja uute töötajate juhendaja.
text279,Projektipõhise tootmise mahu kasv eeldab ka oskustöötajatelt valmisolekut olla meeskonnajuht ja uute töötajate juhendaja.
text280,Samuti rõhutati dokumentide koostamise oskust seoses vajadusega koostada nt tootmisjuhendeid ja kvaliteedistandardite lugemise ja mõistmise oskust.
text281,"Hetkel puuduolevate ja arendamist vajavate oskustena toodi inseneride puhul esile oskust hinnata oma tööd ettevõtja ja juhi perspektiivist, mõista tootmisprotsesse, oskust nendega oma töös arvestada ja strateegiliselt mõelda."
text282,Meistritelt ja töödejuhatajatelt oodatakse erialaste IKT-lahenduste tundmist ja rakendamist ning esmatasandi juhtidena ka oskust personali planeerida ja mõista tootmiskulusid ja nende juhtimist.
text283,"Ettevõtjate hinnangul vajavad selle põhikutseala puhul täiendamist näiteks personali planeerimise, tootmiskulude mõistmise ja juhtimisega seotud teadmised."
text284,Järjest enam nõutakse keevitajatelt n-ö tervikpildi nägemise oskust ja oskust teha kõrgema kvaliteediga keevisõmblusi.
text285,"Järjest enam nõutakse tooteid koostavatel töötajatel n-ö tervikpildi nägemise oskust üksikute töövõtete valdamise asemel, suuremat rõhku pannakse tööohutuse alaste nõuete tundmisele ja järgmisele."
text286,"Varasemast enam pannakse rõhku tööohutuse alaste nõuete tundmisele ja järgimisele, töö efektiivsusele ning tootmisprotsessi laiemale mõistmisele."
text287,"Tehnikaalaste teadmiste osas on kasvava tähtsusega uute tehnoloogiate ja materjalide tundmine, läbivalt rõhutati kõikide juhtide puhul aina olulisemaks erialaste IKT-lahenduste tundmist. Viimast peeti eriti tähtsaks otseselt tootmise juhtimisega seotud ametikohtadel."
text288,"Eraldi rõhutati müügi- ja turundusjuhtide puhul oskust planeerida tehnoloogia arengust lähtuvalt tulevikku, ehk oskust hinnata, mida ettevõte saaks ja võiks müüa nt 5 aasta pärast. "
text289,"Kasvava tähtsusega üldisteks oskusteks on protsesside, ressursside ja riskide juhtimise oskus, võõrkeelte (eelkõige inglise, saksa, vene keele) valdamine."
text290,"Inseneride puhul toodi kasvava tähtsusega üldiste oskustena välja meeskonnatöö, võõrkeelte ja suhtlemisoskust, mis on seotud projektipõhise tootmise kasvu ja rahvusvahelise koostööga."
text291,"Üldistest oskustest on kasvava olulisusega suhtlemisoskus, sh oskus ja julgus küsida vajadusel juhendamist (täiendavaid selgitusi) ja juhendada uusi töötajaid."
text292,"Seoses vajadusega kasutada töös võõrkeelseid dokumente ja osaleda välisfirmade poolt korraldatud koolitustel, on järjest suurema tähtsusega ka vähemalt ühe võõrkeele (inglise või saksa) oskus oma eriala piires."
text293,Kasvava ja olulise trendina rõhutati oskust juhtida ettevõtte tööd läbi ettevõtte väärtuste ja võimet töötajaid motiveerida.
text294,Valdkonna ja üldiste majandustrendide tundmisel ja mõistmisel on juhtidel samuti arenguruumi ning lisaks trendide tunnetamisele on tarvis juhtidel ka õppida nendega kohanduma ja ettevõtte tegevust majanduse üldiste suundumustega sobitama.
text295,"Seoses tehnoloogia arenguga on keevituses kasvav nõudlus uuemate keevitusmeetodite (nt hõõrdkeevitus, laserkeevitus) valdamise järele ja oluline uus oskus on keevitusrobotitega töötamine."
text296,"Traditsiooniliste keevitusmeetodite (elektroodkeevitus) kõrval, mis annavad keevitajale baasoskused, tuleb enam tähelepanu pöörata uutele keevitusmeetoditele ning töös kasutatavate abivahendite (rakiste) kasutamisele."
text297,"Ka siin leidsid eksperdid, et seoses tehnoloogia arenguga on valdkonnas kasvav nõudlus uuemaid keevitusmeetodeid valdavate töötajate järele ja lähitulevikus kasvab keevitusroboti operaatorite  vajadus."
text298,"Traditsiooniliste keevitusmeetodite (elektroodkeevitus) kõrval, mis annavad toodete ja konstruktsioonide valmistajatele keevitaja baasoskused, tuleb enam tähelepanu pöörata uutele keevitusmeetoditele ning töös kasutatavate abivahendite (rakiste) kasutamisele."
text299,"Lisaks erialastele IKT-oskustele ehk erinevate programmide tundmise ja rakendamise oskusele vajavad arendamist seadmete kiirseadistamise oskused (nt SMED oskused), teadmised uutest lõiketehnoloogiatest ja -instrumentidest, tööriistade ja -pinkide tarvikutest."
text300,Viimistlustehnoloogiad on pidevas arenduses ja viimistlejate puhul on oluline erinevate pinnakatete ja tehnoloogiate tundmine.
text301,"Ettevõtete konkurentsivõime tagamiseks peavad juhid õppima rakendama tööstuses enam levinud juhtimisstrateegiate rakendamist (nt LEAN-juhtimine, erinevad kvaliteedialased süsteemid) ja täiendama ennast finantsjuhtimise põhitõdede vallas."
text302,"Muutused inseneridelt eeldatavatelt erialastelt oskustelt on seotud eelkõige nn neljanda tööstusrevolutsiooni (Industry 4.0) arengutega. Peamiste märksõnadena toodi intervjuudes ja grupitöödes välja üha laienevat robotite kasutamist  tootmises ning erialaste IKT-lahenduste tundmist ja rakendamist. Viimase puhul on oluline, et insenerid ei valdaks mitte ainult joonestus- ja seadmete juhtimisprogramme, vaid tunneks ka ettevõtte infohalduse tarkvarasid (nt PLM – Product Lifecycle Management) ja tootmise juhtimise (nt ERM – Enterprise Risk Management) lahendusi."
text303,"Kasvav vajadus on keevitajate järele, kes oskavad opereerida keevitusroboteid."
text304,Kasvav vajadus on keevitusrobotite operaatorite oskuste järele.
text305,"Valdkonna ettevõtetes toimub üleminek konventsionaalsetelt metallitöö pinkidelt arvjuhtimisega tööpinkidele, mistõttu vajab valdkond üha enam APJ-pinkide seadistamist ja opereerimist  valdavaid oskustöölisi."
text306,"Ekspertide hinnangul ei valda kooli lõpetajad piisaval määral tööstuses kasutatavaid programmeerimiskeeli ja neil puuduvad praktilised oskused, et tulla edukalt toime arvprogrammjuhtimisega seadmetel töötamise ja seadmete seadistamisega."
text307,Seoses tootmise automatiseerimisega tekib ka koostelukkseppadel vajadus õppida opereerima tootmisroboteid.
text308,"Mehhatroonikud täidavad lisaks hoolduse ja remondiga seotud ülesannetele sageli ka seadmete programmeerimise ja seadistamisega seotud ülesandeid ning seetõttu on nende puhul kasvava tähtsusega robotite seadistamise oskus, erinevate programmeerimiskeelte õppimise kogemus ja nt SMED põhioskuste omandamine "
text309,Hooldustehnikute ja mehhatroonikute arendamist vajavad oskused on seotud erialase IKT ja tehnoloogia arenguga.
text310,Mehaanikute ja lukkseppade töö muutub seoses tehnoloogia arenguga mehhatroonikute tööle üha sarnasemaks ning sellest tingituna on kasvava vajadusega erialased IKT oskused.
text311,"Ettevõtjad otsivad praktilise kogemusega spetsialiste, kes oleks kiiresti muutuvas tehnoloogilises keskkonnas õpi- ja kohanemisvõimelised."
text312,Käsitsitöö asendub üha rohkem tööpinkide jälgimise ja haldamisega. See eeldab oskust mõista ja kasutada levinumaid tootmises kasutatavaid pinkide juhtimise tarkvarasid ja võimekust spetsialiseeruda vajadusel ümber ka tootmisrobotite operaatoriks või seadistajaks.
text313,"Praegustel inseneridel napib ekspertide hinnangul kvaliteedistandardite lugemise, mõistmise ja rakendamise oskusi."
text314,Järjest rohkem pannakse rõhku tööohutuse alaste nõuete tundmisele ja järgimisele.
text315,Lisaks erialastele oskustele on järjest olulisem tööohutusnõuete mõistmine ja järgimine.
text316,"Jätkuvalt olulised erialased oskused on jooniste, skeemide lugemise ja mõistmise oskus ning montaažioskus; tööohutusalaste nõuete mõistmine ja järgimine."
text317,Tänastel meistritel ja töödejuhatajatel on arenguruumi üldistes tootmise korraldamist ja juhtimist puudutavates küsimustes. 
text318,Kasvava tähtsusega on (tööstus)robotite hoolduse ja seadistamise oskused.
text319,"Ettevõtjad otsivad töökogemusega spetsialiste, kes oleks kiiresti muutuvas tehnoloogilises keskkonnas õpi- ja kohanemisvõimelised."
text320,"Samas ei kao IKT-oskuste kõrval vajadus n-ö traditsiooniliste oskuste järele, nagu jooniste lugemise ja montaažioskus."
text321,"Ettevõtjate hinnangul vajavad koolilõpetajate puhul arendamist jooniste lugemise, ruumilise mõtlemise ja montaažioskused."
text322,"Ettevõtjate hinnangul vajavad ka siin koolilõpetajate puhul arendamist jooniste lugemise, ruumilise mõtlemise ja montaažioskused."
text323,Erialastest oskustest vajavad arendamist jooniste lugemise ja montaažioskused.
text324,"Olulisemaks muutub oskus töötada samaaegselt erinevate seadmetega, kuna IKT-lahenduste kasutuselevõtt võimaldab ühel inimesel töötada korraga mitmel tööpingil."
text325,"Seoses valdkonna kiire arenguga on pidev vajadus erialaseid oskusi täiendada, õppida juurde uusi tehnoloogiaid."
